temperature,source,channel,username,accountName,company,contactUrl,contactSurfaces,repoName,repoUrl,updatedAt,offer,pipelineStage,pipelineLeadId,nextOperatorAction,pipelineUpdatedAt,evidenceScore,evidence,evidenceSource,evidenceLinks,claimGuardrails,outreachAngle,motionLabel,motionReason,proofPackTrigger,cta,firstTouchDraft,painConfirmedFollowUpDraft,selfServeFollowUpDraft,checkoutCloseDraft,markContactedCommand,markRepliedCommand,markCallBookedCommand,markCheckoutStartedCommand,markSprintIntakeCommand,markPaidCommand
warm,reddit,reddit_dm,Deep_Ad1959,r/cursor,,https://www.reddit.com/user/Deep_Ad1959/,n/a,,,,workflow_hardening_sprint,targeted,reddit_deep_ad1959_r_cursor,Send the first-touch draft and log the outreach in the sales pipeline.,,10,warm inbound engagement; workflow pain named: rollback risk; already in DMs,,Target signal: https://www.reddit.com/user/Deep_Ad1959/; Commercial truth: https://github.com/IgorGanapolsky/ThumbGate/blob/main/docs/COMMERCIAL_TRUTH.md; Verification evidence: https://github.com/IgorGanapolsky/ThumbGate/blob/main/docs/VERIFICATION_EVIDENCE.md,"Do not claim revenue, installs, or marketplace approval without direct command evidence.; Do not lead with proof links before the buyer confirms pain.; Keep public pricing and traction claims aligned with COMMERCIAL_TRUTH.md.; Keep proof and quality claims aligned with VERIFICATION_EVIDENCE.md.",Lead with rollback safety and context-drift hardening for one workflow before any generic tool pitch.,Workflow Hardening Sprint,"Warm Reddit engager already named a repeated workflow risk, so the fastest path is a founder-led diagnostic.",Use proof pack only after the buyer confirms pain.,https://thumbgate.ai/#workflow-sprint-intake,"Your question about rollback rates when context changes is exactly the right one. I am looking for one AI-agent workflow to harden end-to-end this week: repeated failure, prevention rule, and proof run. If you have one workflow where context drift or rollback risk keeps showing up, I can harden that workflow for you. Worth a 15-minute diagnostic?","If your workflow really has one repeated workflow failure blocking rollout, I can send the Workflow Hardening Sprint brief plus the commercial truth and verification evidence: https://thumbgate.ai/#workflow-sprint-intake Commercial truth: https://github.com/IgorGanapolsky/ThumbGate/blob/main/docs/COMMERCIAL_TRUTH.md Verification evidence: https://github.com/IgorGanapolsky/ThumbGate/blob/main/docs/VERIFICATION_EVIDENCE.md","If you want to inspect the self-serve path while you evaluate your workflow, start with the proof-backed setup guide: https://thumbgate.ai/guide If you decide the tool path is enough, the live Pro checkout is https://thumbgate.ai/checkout/pro. If the blocker needs hands-on workflow hardening, keep the sprint intake here: https://thumbgate.ai/#workflow-sprint-intake","If you are already comparing close options for your workflow, the primary path is Workflow Hardening Sprint: https://thumbgate.ai/#workflow-sprint-intake Self-serve Pro: https://thumbgate.ai/checkout/pro Commercial truth: https://github.com/IgorGanapolsky/ThumbGate/blob/main/docs/COMMERCIAL_TRUTH.md Verification evidence: https://github.com/IgorGanapolsky/ThumbGate/blob/main/docs/VERIFICATION_EVIDENCE.md",npm run sales:pipeline -- advance --lead 'reddit_deep_ad1959_r_cursor' --channel 'reddit_dm' --stage 'contacted' --note 'Sent Workflow Hardening Sprint first touch focused on rollback risk.',npm run sales:pipeline -- advance --lead 'reddit_deep_ad1959_r_cursor' --channel 'reddit_dm' --stage 'replied' --note 'Buyer confirmed pain around rollback risk.',npm run sales:pipeline -- advance --lead 'reddit_deep_ad1959_r_cursor' --channel 'reddit_dm' --stage 'call_booked' --note 'Booked a 15-minute workflow hardening diagnostic for rollback risk.',npm run sales:pipeline -- advance --lead 'reddit_deep_ad1959_r_cursor' --channel 'reddit_dm' --stage 'checkout_started' --note 'Buyer started the self-serve checkout after discussing rollback risk.',npm run sales:pipeline -- advance --lead 'reddit_deep_ad1959_r_cursor' --channel 'reddit_dm' --stage 'sprint_intake' --note 'Buyer moved into Workflow Hardening Sprint intake for rollback risk.',npm run sales:pipeline -- advance --lead 'reddit_deep_ad1959_r_cursor' --channel 'reddit_dm' --stage 'paid' --note 'Closed Workflow Hardening Sprint and booked revenue after resolving rollback risk.'
warm,reddit,reddit_dm,game-of-kton,r/cursor,,https://www.reddit.com/user/game-of-kton/,n/a,,,,workflow_hardening_sprint,targeted,reddit_game_of_kton_r_cursor,Send the first-touch draft and log the outreach in the sales pipeline.,,9,warm inbound engagement; built serious memory systems; workflow pain named: stale context and conflicting facts,,Target signal: https://www.reddit.com/user/game-of-kton/; Commercial truth: https://github.com/IgorGanapolsky/ThumbGate/blob/main/docs/COMMERCIAL_TRUTH.md; Verification evidence: https://github.com/IgorGanapolsky/ThumbGate/blob/main/docs/VERIFICATION_EVIDENCE.md,"Do not claim revenue, installs, or marketplace approval without direct command evidence.; Do not lead with proof links before the buyer confirms pain.; Keep public pricing and traction claims aligned with COMMERCIAL_TRUTH.md.; Keep proof and quality claims aligned with VERIFICATION_EVIDENCE.md.",Lead with one recurring memory or handoff failure that can be turned into an enforceable prevention rule.,Workflow Hardening Sprint,"Warm Reddit engager already works on advanced agent memory, so discovery should center on one repeated failure pattern.",Use proof pack only after the buyer confirms pain.,https://thumbgate.ai/#workflow-sprint-intake,"Your ACT-R engram work is fascinating, especially the conflict resolution for opposing facts and the decay model. I am looking for one serious AI-agent workflow to harden end-to-end this week. If your memory system has one recurring failure mode such as stale context, opposing facts, bad handoffs, or unsafe tool calls, I can turn that into a prevention rule and proof run. Open to a 15-minute diagnostic?","If your workflow really has one repeated workflow failure blocking rollout, I can send the Workflow Hardening Sprint brief plus the commercial truth and verification evidence: https://thumbgate.ai/#workflow-sprint-intake Commercial truth: https://github.com/IgorGanapolsky/ThumbGate/blob/main/docs/COMMERCIAL_TRUTH.md Verification evidence: https://github.com/IgorGanapolsky/ThumbGate/blob/main/docs/VERIFICATION_EVIDENCE.md","If you want to inspect the self-serve path while you evaluate your workflow, start with the proof-backed setup guide: https://thumbgate.ai/guide If you decide the tool path is enough, the live Pro checkout is https://thumbgate.ai/checkout/pro. If the blocker needs hands-on workflow hardening, keep the sprint intake here: https://thumbgate.ai/#workflow-sprint-intake","If you are already comparing close options for your workflow, the primary path is Workflow Hardening Sprint: https://thumbgate.ai/#workflow-sprint-intake Self-serve Pro: https://thumbgate.ai/checkout/pro Commercial truth: https://github.com/IgorGanapolsky/ThumbGate/blob/main/docs/COMMERCIAL_TRUTH.md Verification evidence: https://github.com/IgorGanapolsky/ThumbGate/blob/main/docs/VERIFICATION_EVIDENCE.md",npm run sales:pipeline -- advance --lead 'reddit_game_of_kton_r_cursor' --channel 'reddit_dm' --stage 'contacted' --note 'Sent Workflow Hardening Sprint first touch focused on stale context and conflicting facts.',npm run sales:pipeline -- advance --lead 'reddit_game_of_kton_r_cursor' --channel 'reddit_dm' --stage 'replied' --note 'Buyer confirmed pain around stale context and conflicting facts.',npm run sales:pipeline -- advance --lead 'reddit_game_of_kton_r_cursor' --channel 'reddit_dm' --stage 'call_booked' --note 'Booked a 15-minute workflow hardening diagnostic for stale context and conflicting facts.',npm run sales:pipeline -- advance --lead 'reddit_game_of_kton_r_cursor' --channel 'reddit_dm' --stage 'checkout_started' --note 'Buyer started the self-serve checkout after discussing stale context and conflicting facts.',npm run sales:pipeline -- advance --lead 'reddit_game_of_kton_r_cursor' --channel 'reddit_dm' --stage 'sprint_intake' --note 'Buyer moved into Workflow Hardening Sprint intake for stale context and conflicting facts.',npm run sales:pipeline -- advance --lead 'reddit_game_of_kton_r_cursor' --channel 'reddit_dm' --stage 'paid' --note 'Closed Workflow Hardening Sprint and booked revenue after resolving stale context and conflicting facts.'
warm,reddit,reddit_dm,leogodin217,r/ClaudeCode,,https://www.reddit.com/user/leogodin217/,n/a,,,,workflow_hardening_sprint,targeted,reddit_leogodin217_r_claudecode,Send the first-touch draft and log the outreach in the sales pipeline.,,9,warm inbound engagement; mature multi-step workflow described; workflow pain named: review boundaries and context risk,,Target signal: https://www.reddit.com/user/leogodin217/; Commercial truth: https://github.com/IgorGanapolsky/ThumbGate/blob/main/docs/COMMERCIAL_TRUTH.md; Verification evidence: https://github.com/IgorGanapolsky/ThumbGate/blob/main/docs/VERIFICATION_EVIDENCE.md,"Do not claim revenue, installs, or marketplace approval without direct command evidence.; Do not lead with proof links before the buyer confirms pain.; Keep public pricing and traction claims aligned with COMMERCIAL_TRUTH.md.; Keep proof and quality claims aligned with VERIFICATION_EVIDENCE.md.",Lead with one repeating failure inside an already-mature workflow and offer an enforceable Pre-Action Check plus proof run.,Workflow Hardening Sprint,"Warm Reddit engager already described a mature workflow, so the next step is a targeted diagnostic on one failure mode.",Use proof pack only after the buyer confirms pain.,https://thumbgate.ai/#workflow-sprint-intake,"Your arch-create to sprint workflow is one of the most mature agent processes I have seen anyone describe. I am looking for one AI-agent workflow to harden end-to-end this week. Your workflow already has phases, review boundaries, and context risk, so it is a strong fit: pick one repeating failure and I will help turn it into an enforceable Pre-Action Check plus proof run. Worth 15 minutes?","If your workflow really has one repeated workflow failure blocking rollout, I can send the Workflow Hardening Sprint brief plus the commercial truth and verification evidence: https://thumbgate.ai/#workflow-sprint-intake Commercial truth: https://github.com/IgorGanapolsky/ThumbGate/blob/main/docs/COMMERCIAL_TRUTH.md Verification evidence: https://github.com/IgorGanapolsky/ThumbGate/blob/main/docs/VERIFICATION_EVIDENCE.md","If you want to inspect the self-serve path while you evaluate your workflow, start with the proof-backed setup guide: https://thumbgate.ai/guide If you decide the tool path is enough, the live Pro checkout is https://thumbgate.ai/checkout/pro. If the blocker needs hands-on workflow hardening, keep the sprint intake here: https://thumbgate.ai/#workflow-sprint-intake","If you are already comparing close options for your workflow, the primary path is Workflow Hardening Sprint: https://thumbgate.ai/#workflow-sprint-intake Self-serve Pro: https://thumbgate.ai/checkout/pro Commercial truth: https://github.com/IgorGanapolsky/ThumbGate/blob/main/docs/COMMERCIAL_TRUTH.md Verification evidence: https://github.com/IgorGanapolsky/ThumbGate/blob/main/docs/VERIFICATION_EVIDENCE.md",npm run sales:pipeline -- advance --lead 'reddit_leogodin217_r_claudecode' --channel 'reddit_dm' --stage 'contacted' --note 'Sent Workflow Hardening Sprint first touch focused on review boundaries and context risk.',npm run sales:pipeline -- advance --lead 'reddit_leogodin217_r_claudecode' --channel 'reddit_dm' --stage 'replied' --note 'Buyer confirmed pain around review boundaries and context risk.',npm run sales:pipeline -- advance --lead 'reddit_leogodin217_r_claudecode' --channel 'reddit_dm' --stage 'call_booked' --note 'Booked a 15-minute workflow hardening diagnostic for review boundaries and context risk.',npm run sales:pipeline -- advance --lead 'reddit_leogodin217_r_claudecode' --channel 'reddit_dm' --stage 'checkout_started' --note 'Buyer started the self-serve checkout after discussing review boundaries and context risk.',npm run sales:pipeline -- advance --lead 'reddit_leogodin217_r_claudecode' --channel 'reddit_dm' --stage 'sprint_intake' --note 'Buyer moved into Workflow Hardening Sprint intake for review boundaries and context risk.',npm run sales:pipeline -- advance --lead 'reddit_leogodin217_r_claudecode' --channel 'reddit_dm' --stage 'paid' --note 'Closed Workflow Hardening Sprint and booked revenue after resolving review boundaries and context risk.'
warm,reddit,reddit_dm,Enthu-Cutlet-1337,r/ClaudeCode,,https://www.reddit.com/user/Enthu-Cutlet-1337/,n/a,,,,workflow_hardening_sprint,targeted,reddit_enthu_cutlet_1337_r_claudecode,Send the first-touch draft and log the outreach in the sales pipeline.,,8,warm inbound engagement; responded to adaptive-gate positioning; workflow pain named: brittle guardrails,,Target signal: https://www.reddit.com/user/Enthu-Cutlet-1337/; Commercial truth: https://github.com/IgorGanapolsky/ThumbGate/blob/main/docs/COMMERCIAL_TRUTH.md; Verification evidence: https://github.com/IgorGanapolsky/ThumbGate/blob/main/docs/VERIFICATION_EVIDENCE.md,"Do not claim revenue, installs, or marketplace approval without direct command evidence.; Do not lead with proof links before the buyer confirms pain.; Keep public pricing and traction claims aligned with COMMERCIAL_TRUTH.md.; Keep proof and quality claims aligned with VERIFICATION_EVIDENCE.md.",Lead with one brittle-guardrail workflow and offer to harden it with adaptive gates plus a proof run.,Workflow Hardening Sprint,"Warm Reddit engager already understands the adaptive-gate thesis, so offer one concrete workflow hardening diagnostic.",Use proof pack only after the buyer confirms pain.,https://thumbgate.ai/#workflow-sprint-intake,"Appreciate the kind words on the Thompson Sampling approach. You nailed the core insight: most guardrails are brittle prompt hacks that break when context shifts. I am looking for one AI-agent workflow to harden end-to-end this week: repeated failure, prevention rule, and proof run. If you have a workflow where brittle guardrails keep failing, I can harden that workflow with you. Open to a 15-minute diagnostic?","If your workflow really has one repeated workflow failure blocking rollout, I can send the Workflow Hardening Sprint brief plus the commercial truth and verification evidence: https://thumbgate.ai/#workflow-sprint-intake Commercial truth: https://github.com/IgorGanapolsky/ThumbGate/blob/main/docs/COMMERCIAL_TRUTH.md Verification evidence: https://github.com/IgorGanapolsky/ThumbGate/blob/main/docs/VERIFICATION_EVIDENCE.md","If you want to inspect the self-serve path while you evaluate your workflow, start with the proof-backed setup guide: https://thumbgate.ai/guide If you decide the tool path is enough, the live Pro checkout is https://thumbgate.ai/checkout/pro. If the blocker needs hands-on workflow hardening, keep the sprint intake here: https://thumbgate.ai/#workflow-sprint-intake","If you are already comparing close options for your workflow, the primary path is Workflow Hardening Sprint: https://thumbgate.ai/#workflow-sprint-intake Self-serve Pro: https://thumbgate.ai/checkout/pro Commercial truth: https://github.com/IgorGanapolsky/ThumbGate/blob/main/docs/COMMERCIAL_TRUTH.md Verification evidence: https://github.com/IgorGanapolsky/ThumbGate/blob/main/docs/VERIFICATION_EVIDENCE.md",npm run sales:pipeline -- advance --lead 'reddit_enthu_cutlet_1337_r_claudecode' --channel 'reddit_dm' --stage 'contacted' --note 'Sent Workflow Hardening Sprint first touch focused on brittle guardrails.',npm run sales:pipeline -- advance --lead 'reddit_enthu_cutlet_1337_r_claudecode' --channel 'reddit_dm' --stage 'replied' --note 'Buyer confirmed pain around brittle guardrails.',npm run sales:pipeline -- advance --lead 'reddit_enthu_cutlet_1337_r_claudecode' --channel 'reddit_dm' --stage 'call_booked' --note 'Booked a 15-minute workflow hardening diagnostic for brittle guardrails.',npm run sales:pipeline -- advance --lead 'reddit_enthu_cutlet_1337_r_claudecode' --channel 'reddit_dm' --stage 'checkout_started' --note 'Buyer started the self-serve checkout after discussing brittle guardrails.',npm run sales:pipeline -- advance --lead 'reddit_enthu_cutlet_1337_r_claudecode' --channel 'reddit_dm' --stage 'sprint_intake' --note 'Buyer moved into Workflow Hardening Sprint intake for brittle guardrails.',npm run sales:pipeline -- advance --lead 'reddit_enthu_cutlet_1337_r_claudecode' --channel 'reddit_dm' --stage 'paid' --note 'Closed Workflow Hardening Sprint and booked revenue after resolving brittle guardrails.'
cold,github,github,montenegronyc,montenegronyc,Number Fortyeight Inc.,https://numberfortyeight.co/,Website: https://numberfortyeight.co/; GitHub profile: https://github.com/montenegronyc; Repository: https://github.com/montenegronyc/backporcher,backporcher,https://github.com/montenegronyc/backporcher,2026-05-02T14:36:26Z,workflow_hardening_sprint,targeted,github_montenegronyc_backporcher,Send the first-touch draft and log the outreach in the sales pipeline.,,17,workflow control surface; production or platform workflow; business-system integration; agent infrastructure; 13 GitHub stars; updated in the last 7 days,https://github.com/montenegronyc/backporcher,Target signal: https://github.com/montenegronyc/backporcher; Commercial truth: https://github.com/IgorGanapolsky/ThumbGate/blob/main/docs/COMMERCIAL_TRUTH.md; Verification evidence: https://github.com/IgorGanapolsky/ThumbGate/blob/main/docs/VERIFICATION_EVIDENCE.md,"Do not claim revenue, installs, or marketplace approval without direct command evidence.; Do not lead with proof links before the buyer confirms pain.; Keep public pricing and traction claims aligned with COMMERCIAL_TRUTH.md.; Keep proof and quality claims aligned with VERIFICATION_EVIDENCE.md.","Lead with one business-system workflow that needs approval boundaries, rollback safety, and proof.",Workflow Hardening Sprint,"Lead with one business-system workflow that needs approval boundaries, rollback safety, and proof.",Use proof pack only after the buyer confirms pain.,https://thumbgate.ai/#workflow-sprint-intake,"Your `backporcher` system orchestrating Claude agents with review and auto-merge looks like a prime candidate for workflow hardening. As a founder, I will harden one of your AI-agent workflows with ThumbGate to establish approval boundaries and rollback safety.","If `backporcher` really has one repeated workflow failure blocking rollout, I can send the Workflow Hardening Sprint brief plus the commercial truth and verification evidence: https://thumbgate.ai/#workflow-sprint-intake Commercial truth: https://github.com/IgorGanapolsky/ThumbGate/blob/main/docs/COMMERCIAL_TRUTH.md Verification evidence: https://github.com/IgorGanapolsky/ThumbGate/blob/main/docs/VERIFICATION_EVIDENCE.md","If you want to inspect the self-serve path while you evaluate `backporcher`, start with the proof-backed setup guide: https://thumbgate.ai/guide If you decide the tool path is enough, the live Pro checkout is https://thumbgate.ai/checkout/pro. If the blocker needs hands-on workflow hardening, keep the sprint intake here: https://thumbgate.ai/#workflow-sprint-intake","If you are already comparing close options for `backporcher`, the primary path is Workflow Hardening Sprint: https://thumbgate.ai/#workflow-sprint-intake Self-serve Pro: https://thumbgate.ai/checkout/pro Commercial truth: https://github.com/IgorGanapolsky/ThumbGate/blob/main/docs/COMMERCIAL_TRUTH.md Verification evidence: https://github.com/IgorGanapolsky/ThumbGate/blob/main/docs/VERIFICATION_EVIDENCE.md","npm run sales:pipeline -- advance --lead 'github_montenegronyc_backporcher' --channel 'manual' --stage 'contacted' --note 'Sent Workflow Hardening Sprint first touch focused on one business-system workflow that needs approval boundaries, rollback safety, and proof.'","npm run sales:pipeline -- advance --lead 'github_montenegronyc_backporcher' --channel 'manual' --stage 'replied' --note 'Buyer confirmed pain around one business-system workflow that needs approval boundaries, rollback safety, and proof.'","npm run sales:pipeline -- advance --lead 'github_montenegronyc_backporcher' --channel 'manual' --stage 'call_booked' --note 'Booked a 15-minute workflow hardening diagnostic for one business-system workflow that needs approval boundaries, rollback safety, and proof.'","npm run sales:pipeline -- advance --lead 'github_montenegronyc_backporcher' --channel 'manual' --stage 'checkout_started' --note 'Buyer started the self-serve checkout after discussing one business-system workflow that needs approval boundaries, rollback safety, and proof.'","npm run sales:pipeline -- advance --lead 'github_montenegronyc_backporcher' --channel 'manual' --stage 'sprint_intake' --note 'Buyer moved into Workflow Hardening Sprint intake for one business-system workflow that needs approval boundaries, rollback safety, and proof.'","npm run sales:pipeline -- advance --lead 'github_montenegronyc_backporcher' --channel 'manual' --stage 'paid' --note 'Closed Workflow Hardening Sprint and booked revenue after resolving one business-system workflow that needs approval boundaries, rollback safety, and proof.'"
cold,github,github,dolutech,dolutech,@dolutech,https://dolutech.com/,Website: https://dolutech.com/; GitHub profile: https://github.com/dolutech; Repository: https://github.com/dolutech/engine_context,engine_context,https://github.com/dolutech/engine_context,2026-02-22T20:53:46Z,workflow_hardening_sprint,targeted,github_dolutech_engine_context,Send the first-touch draft and log the outreach in the sales pipeline.,,15,workflow control surface; production or platform workflow; business-system integration; agent infrastructure; 8 GitHub stars,https://github.com/dolutech/engine_context,Target signal: https://github.com/dolutech/engine_context; Commercial truth: https://github.com/IgorGanapolsky/ThumbGate/blob/main/docs/COMMERCIAL_TRUTH.md; Verification evidence: https://github.com/IgorGanapolsky/ThumbGate/blob/main/docs/VERIFICATION_EVIDENCE.md,"Do not claim revenue, installs, or marketplace approval without direct command evidence.; Do not lead with proof links before the buyer confirms pain.; Keep public pricing and traction claims aligned with COMMERCIAL_TRUTH.md.; Keep proof and quality claims aligned with VERIFICATION_EVIDENCE.md.","Lead with one business-system workflow that needs approval boundaries, rollback safety, and proof.",Workflow Hardening Sprint,"Lead with one business-system workflow that needs approval boundaries, rollback safety, and proof.",Use proof pack only after the buyer confirms pain.,https://thumbgate.ai/#workflow-sprint-intake,"Hey @dolutech, your `engine_context` project's focus on approval-driven workflows for AI agents immediately caught my eye. I'd like to offer a Workflow Hardening Sprint where I will harden one of those AI-agent workflows for you.","If `engine_context` really has one repeated workflow failure blocking rollout, I can send the Workflow Hardening Sprint brief plus the commercial truth and verification evidence: https://thumbgate.ai/#workflow-sprint-intake Commercial truth: https://github.com/IgorGanapolsky/ThumbGate/blob/main/docs/COMMERCIAL_TRUTH.md Verification evidence: https://github.com/IgorGanapolsky/ThumbGate/blob/main/docs/VERIFICATION_EVIDENCE.md","If you want to inspect the self-serve path while you evaluate `engine_context`, start with the proof-backed setup guide: https://thumbgate.ai/guide If you decide the tool path is enough, the live Pro checkout is https://thumbgate.ai/checkout/pro. If the blocker needs hands-on workflow hardening, keep the sprint intake here: https://thumbgate.ai/#workflow-sprint-intake","If you are already comparing close options for `engine_context`, the primary path is Workflow Hardening Sprint: https://thumbgate.ai/#workflow-sprint-intake Self-serve Pro: https://thumbgate.ai/checkout/pro Commercial truth: https://github.com/IgorGanapolsky/ThumbGate/blob/main/docs/COMMERCIAL_TRUTH.md Verification evidence: https://github.com/IgorGanapolsky/ThumbGate/blob/main/docs/VERIFICATION_EVIDENCE.md","npm run sales:pipeline -- advance --lead 'github_dolutech_engine_context' --channel 'manual' --stage 'contacted' --note 'Sent Workflow Hardening Sprint first touch focused on one business-system workflow that needs approval boundaries, rollback safety, and proof.'","npm run sales:pipeline -- advance --lead 'github_dolutech_engine_context' --channel 'manual' --stage 'replied' --note 'Buyer confirmed pain around one business-system workflow that needs approval boundaries, rollback safety, and proof.'","npm run sales:pipeline -- advance --lead 'github_dolutech_engine_context' --channel 'manual' --stage 'call_booked' --note 'Booked a 15-minute workflow hardening diagnostic for one business-system workflow that needs approval boundaries, rollback safety, and proof.'","npm run sales:pipeline -- advance --lead 'github_dolutech_engine_context' --channel 'manual' --stage 'checkout_started' --note 'Buyer started the self-serve checkout after discussing one business-system workflow that needs approval boundaries, rollback safety, and proof.'","npm run sales:pipeline -- advance --lead 'github_dolutech_engine_context' --channel 'manual' --stage 'sprint_intake' --note 'Buyer moved into Workflow Hardening Sprint intake for one business-system workflow that needs approval boundaries, rollback safety, and proof.'","npm run sales:pipeline -- advance --lead 'github_dolutech_engine_context' --channel 'manual' --stage 'paid' --note 'Closed Workflow Hardening Sprint and booked revenue after resolving one business-system workflow that needs approval boundaries, rollback safety, and proof.'"
cold,github,github,Adqui9608,Adqui9608,,https://github.com/Adqui9608,GitHub profile: https://github.com/Adqui9608; Repository: https://github.com/Adqui9608/ai-code-review-agent,ai-code-review-agent,https://github.com/Adqui9608/ai-code-review-agent,2026-05-04T14:50:57Z,workflow_hardening_sprint,targeted,github_adqui9608_ai_code_review_agent,Send the first-touch draft and log the outreach in the sales pipeline.,,15,workflow control surface; production or platform workflow; business-system integration; agent infrastructure; updated in the last 7 days,https://github.com/Adqui9608/ai-code-review-agent,Target signal: https://github.com/Adqui9608/ai-code-review-agent; Commercial truth: https://github.com/IgorGanapolsky/ThumbGate/blob/main/docs/COMMERCIAL_TRUTH.md; Verification evidence: https://github.com/IgorGanapolsky/ThumbGate/blob/main/docs/VERIFICATION_EVIDENCE.md,"Do not claim revenue, installs, or marketplace approval without direct command evidence.; Do not lead with proof links before the buyer confirms pain.; Keep public pricing and traction claims aligned with COMMERCIAL_TRUTH.md.; Keep proof and quality claims aligned with VERIFICATION_EVIDENCE.md.","Lead with one business-system workflow that needs approval boundaries, rollback safety, and proof.",Workflow Hardening Sprint,"Lead with one business-system workflow that needs approval boundaries, rollback safety, and proof.",Use proof pack only after the buyer confirms pain.,https://thumbgate.ai/#workflow-sprint-intake,"Hey @Adqui9608, your `ai-code-review-agent` project looks like it's tackling critical ops where approvals and rollback safety are key. I'd like to harden one of your AI-agent workflows with our Workflow Hardening Sprint.","If `ai-code-review-agent` really has one repeated workflow failure blocking rollout, I can send the Workflow Hardening Sprint brief plus the commercial truth and verification evidence: https://thumbgate.ai/#workflow-sprint-intake Commercial truth: https://github.com/IgorGanapolsky/ThumbGate/blob/main/docs/COMMERCIAL_TRUTH.md Verification evidence: https://github.com/IgorGanapolsky/ThumbGate/blob/main/docs/VERIFICATION_EVIDENCE.md","If you want to inspect the self-serve path while you evaluate `ai-code-review-agent`, start with the proof-backed setup guide: https://thumbgate.ai/guide If you decide the tool path is enough, the live Pro checkout is https://thumbgate.ai/checkout/pro. If the blocker needs hands-on workflow hardening, keep the sprint intake here: https://thumbgate.ai/#workflow-sprint-intake","If you are already comparing close options for `ai-code-review-agent`, the primary path is Workflow Hardening Sprint: https://thumbgate.ai/#workflow-sprint-intake Self-serve Pro: https://thumbgate.ai/checkout/pro Commercial truth: https://github.com/IgorGanapolsky/ThumbGate/blob/main/docs/COMMERCIAL_TRUTH.md Verification evidence: https://github.com/IgorGanapolsky/ThumbGate/blob/main/docs/VERIFICATION_EVIDENCE.md","npm run sales:pipeline -- advance --lead 'github_adqui9608_ai_code_review_agent' --channel 'manual' --stage 'contacted' --note 'Sent Workflow Hardening Sprint first touch focused on one business-system workflow that needs approval boundaries, rollback safety, and proof.'","npm run sales:pipeline -- advance --lead 'github_adqui9608_ai_code_review_agent' --channel 'manual' --stage 'replied' --note 'Buyer confirmed pain around one business-system workflow that needs approval boundaries, rollback safety, and proof.'","npm run sales:pipeline -- advance --lead 'github_adqui9608_ai_code_review_agent' --channel 'manual' --stage 'call_booked' --note 'Booked a 15-minute workflow hardening diagnostic for one business-system workflow that needs approval boundaries, rollback safety, and proof.'","npm run sales:pipeline -- advance --lead 'github_adqui9608_ai_code_review_agent' --channel 'manual' --stage 'checkout_started' --note 'Buyer started the self-serve checkout after discussing one business-system workflow that needs approval boundaries, rollback safety, and proof.'","npm run sales:pipeline -- advance --lead 'github_adqui9608_ai_code_review_agent' --channel 'manual' --stage 'sprint_intake' --note 'Buyer moved into Workflow Hardening Sprint intake for one business-system workflow that needs approval boundaries, rollback safety, and proof.'","npm run sales:pipeline -- advance --lead 'github_adqui9608_ai_code_review_agent' --channel 'manual' --stage 'paid' --note 'Closed Workflow Hardening Sprint and booked revenue after resolving one business-system workflow that needs approval boundaries, rollback safety, and proof.'"
cold,github,github,kamaldhingra,kamaldhingra,,https://github.com/kamaldhingra,GitHub profile: https://github.com/kamaldhingra; Repository: https://github.com/kamaldhingra/AI-Agents-QA-Automation,AI-Agents-QA-Automation,https://github.com/kamaldhingra/AI-Agents-QA-Automation,2026-04-30T11:52:31Z,workflow_hardening_sprint,targeted,github_kamaldhingra_ai_agents_qa_automation,Send the first-touch draft and log the outreach in the sales pipeline.,,15,workflow control surface; production or platform workflow; business-system integration; agent infrastructure; updated in the last 7 days,https://github.com/kamaldhingra/AI-Agents-QA-Automation,Target signal: https://github.com/kamaldhingra/AI-Agents-QA-Automation; Commercial truth: https://github.com/IgorGanapolsky/ThumbGate/blob/main/docs/COMMERCIAL_TRUTH.md; Verification evidence: https://github.com/IgorGanapolsky/ThumbGate/blob/main/docs/VERIFICATION_EVIDENCE.md,"Do not claim revenue, installs, or marketplace approval without direct command evidence.; Do not lead with proof links before the buyer confirms pain.; Keep public pricing and traction claims aligned with COMMERCIAL_TRUTH.md.; Keep proof and quality claims aligned with VERIFICATION_EVIDENCE.md.","Lead with one business-system workflow that needs approval boundaries, rollback safety, and proof.",Workflow Hardening Sprint,"Lead with one business-system workflow that needs approval boundaries, rollback safety, and proof.",Use proof pack only after the buyer confirms pain.,https://thumbgate.ai/#workflow-sprint-intake,"Kamal, your AI-Agents-QA-Automation pipeline's multi-agent orchestration sounds like a critical system ready for hardening. I'm offering a Workflow Hardening Sprint using ThumbGate, where I'll harden one AI-agent workflow for you with approval boundaries and rollback safety.","If `AI-Agents-QA-Automation` really has one repeated workflow failure blocking rollout, I can send the Workflow Hardening Sprint brief plus the commercial truth and verification evidence: https://thumbgate.ai/#workflow-sprint-intake Commercial truth: https://github.com/IgorGanapolsky/ThumbGate/blob/main/docs/COMMERCIAL_TRUTH.md Verification evidence: https://github.com/IgorGanapolsky/ThumbGate/blob/main/docs/VERIFICATION_EVIDENCE.md","If you want to inspect the self-serve path while you evaluate `AI-Agents-QA-Automation`, start with the proof-backed setup guide: https://thumbgate.ai/guide If you decide the tool path is enough, the live Pro checkout is https://thumbgate.ai/checkout/pro. If the blocker needs hands-on workflow hardening, keep the sprint intake here: https://thumbgate.ai/#workflow-sprint-intake","If you are already comparing close options for `AI-Agents-QA-Automation`, the primary path is Workflow Hardening Sprint: https://thumbgate.ai/#workflow-sprint-intake Self-serve Pro: https://thumbgate.ai/checkout/pro Commercial truth: https://github.com/IgorGanapolsky/ThumbGate/blob/main/docs/COMMERCIAL_TRUTH.md Verification evidence: https://github.com/IgorGanapolsky/ThumbGate/blob/main/docs/VERIFICATION_EVIDENCE.md","npm run sales:pipeline -- advance --lead 'github_kamaldhingra_ai_agents_qa_automation' --channel 'manual' --stage 'contacted' --note 'Sent Workflow Hardening Sprint first touch focused on one business-system workflow that needs approval boundaries, rollback safety, and proof.'","npm run sales:pipeline -- advance --lead 'github_kamaldhingra_ai_agents_qa_automation' --channel 'manual' --stage 'replied' --note 'Buyer confirmed pain around one business-system workflow that needs approval boundaries, rollback safety, and proof.'","npm run sales:pipeline -- advance --lead 'github_kamaldhingra_ai_agents_qa_automation' --channel 'manual' --stage 'call_booked' --note 'Booked a 15-minute workflow hardening diagnostic for one business-system workflow that needs approval boundaries, rollback safety, and proof.'","npm run sales:pipeline -- advance --lead 'github_kamaldhingra_ai_agents_qa_automation' --channel 'manual' --stage 'checkout_started' --note 'Buyer started the self-serve checkout after discussing one business-system workflow that needs approval boundaries, rollback safety, and proof.'","npm run sales:pipeline -- advance --lead 'github_kamaldhingra_ai_agents_qa_automation' --channel 'manual' --stage 'sprint_intake' --note 'Buyer moved into Workflow Hardening Sprint intake for one business-system workflow that needs approval boundaries, rollback safety, and proof.'","npm run sales:pipeline -- advance --lead 'github_kamaldhingra_ai_agents_qa_automation' --channel 'manual' --stage 'paid' --note 'Closed Workflow Hardening Sprint and booked revenue after resolving one business-system workflow that needs approval boundaries, rollback safety, and proof.'"
cold,github,github,Abhi268170,Abhi268170,,https://github.com/Abhi268170,GitHub profile: https://github.com/Abhi268170; Repository: https://github.com/Abhi268170/Stagix,Stagix,https://github.com/Abhi268170/Stagix,2026-03-19T12:53:10Z,workflow_hardening_sprint,targeted,github_abhi268170_stagix,Send the first-touch draft and log the outreach in the sales pipeline.,,15,workflow control surface; production or platform workflow; business-system integration; agent infrastructure; self-serve agent tooling,https://github.com/Abhi268170/Stagix,Target signal: https://github.com/Abhi268170/Stagix; Commercial truth: https://github.com/IgorGanapolsky/ThumbGate/blob/main/docs/COMMERCIAL_TRUTH.md; Verification evidence: https://github.com/IgorGanapolsky/ThumbGate/blob/main/docs/VERIFICATION_EVIDENCE.md,"Do not claim revenue, installs, or marketplace approval without direct command evidence.; Do not lead with proof links before the buyer confirms pain.; Keep public pricing and traction claims aligned with COMMERCIAL_TRUTH.md.; Keep proof and quality claims aligned with VERIFICATION_EVIDENCE.md.","Lead with one business-system workflow that needs approval boundaries, rollback safety, and proof.",Workflow Hardening Sprint,"Lead with one business-system workflow that needs approval boundaries, rollback safety, and proof.",Use proof pack only after the buyer confirms pain.,https://thumbgate.ai/#workflow-sprint-intake,"Hey @Abhi268170, given Stagix's sophisticated 14-agent AI workflows and human approval gates, I'd like to offer a Workflow Hardening Sprint. I will harden one of your AI-agent workflows to ensure robust approval boundaries and rollback safety.","If `Stagix` really has one repeated workflow failure blocking rollout, I can send the Workflow Hardening Sprint brief plus the commercial truth and verification evidence: https://thumbgate.ai/#workflow-sprint-intake Commercial truth: https://github.com/IgorGanapolsky/ThumbGate/blob/main/docs/COMMERCIAL_TRUTH.md Verification evidence: https://github.com/IgorGanapolsky/ThumbGate/blob/main/docs/VERIFICATION_EVIDENCE.md","If you want to inspect the self-serve path while you evaluate `Stagix`, start with the proof-backed setup guide: https://thumbgate.ai/guide If you decide the tool path is enough, the live Pro checkout is https://thumbgate.ai/checkout/pro. If the blocker needs hands-on workflow hardening, keep the sprint intake here: https://thumbgate.ai/#workflow-sprint-intake","If you are already comparing close options for `Stagix`, the primary path is Workflow Hardening Sprint: https://thumbgate.ai/#workflow-sprint-intake Self-serve Pro: https://thumbgate.ai/checkout/pro Commercial truth: https://github.com/IgorGanapolsky/ThumbGate/blob/main/docs/COMMERCIAL_TRUTH.md Verification evidence: https://github.com/IgorGanapolsky/ThumbGate/blob/main/docs/VERIFICATION_EVIDENCE.md","npm run sales:pipeline -- advance --lead 'github_abhi268170_stagix' --channel 'manual' --stage 'contacted' --note 'Sent Workflow Hardening Sprint first touch focused on one business-system workflow that needs approval boundaries, rollback safety, and proof.'","npm run sales:pipeline -- advance --lead 'github_abhi268170_stagix' --channel 'manual' --stage 'replied' --note 'Buyer confirmed pain around one business-system workflow that needs approval boundaries, rollback safety, and proof.'","npm run sales:pipeline -- advance --lead 'github_abhi268170_stagix' --channel 'manual' --stage 'call_booked' --note 'Booked a 15-minute workflow hardening diagnostic for one business-system workflow that needs approval boundaries, rollback safety, and proof.'","npm run sales:pipeline -- advance --lead 'github_abhi268170_stagix' --channel 'manual' --stage 'checkout_started' --note 'Buyer started the self-serve checkout after discussing one business-system workflow that needs approval boundaries, rollback safety, and proof.'","npm run sales:pipeline -- advance --lead 'github_abhi268170_stagix' --channel 'manual' --stage 'sprint_intake' --note 'Buyer moved into Workflow Hardening Sprint intake for one business-system workflow that needs approval boundaries, rollback safety, and proof.'","npm run sales:pipeline -- advance --lead 'github_abhi268170_stagix' --channel 'manual' --stage 'paid' --note 'Closed Workflow Hardening Sprint and booked revenue after resolving one business-system workflow that needs approval boundaries, rollback safety, and proof.'"
cold,github,github,borghei,borghei,Reviv Italy,https://borghei.me/,Website: https://borghei.me/; GitHub profile: https://github.com/borghei; Repository: https://github.com/borghei/Claude-Skills,Claude-Skills,https://github.com/borghei/Claude-Skills,2026-05-04T13:31:22Z,workflow_hardening_sprint,targeted,github_borghei_claude_skills,Send the first-touch draft and log the outreach in the sales pipeline.,,14,production or platform workflow; agent infrastructure; self-serve agent tooling; 106 GitHub stars; updated in the last 7 days,https://github.com/borghei/Claude-Skills,Target signal: https://github.com/borghei/Claude-Skills; Commercial truth: https://github.com/IgorGanapolsky/ThumbGate/blob/main/docs/COMMERCIAL_TRUTH.md; Verification evidence: https://github.com/IgorGanapolsky/ThumbGate/blob/main/docs/VERIFICATION_EVIDENCE.md,"Do not claim revenue, installs, or marketplace approval without direct command evidence.; Do not lead with proof links before the buyer confirms pain.; Keep public pricing and traction claims aligned with COMMERCIAL_TRUTH.md.; Keep proof and quality claims aligned with VERIFICATION_EVIDENCE.md.",Lead with rollout proof for one production workflow that cannot afford repeated agent mistakes.,Workflow Hardening Sprint,Lead with rollout proof for one production workflow that cannot afford repeated agent mistakes.,Use proof pack only after the buyer confirms pain.,https://thumbgate.ai/#workflow-sprint-intake,"Hey @borghei, given the depth of your Claude-Skills project, I'd like to harden one of your critical AI-agent workflows to eliminate repeated mistakes for production rollout. I will take on one workflow and ensure its output reliability.","If `Claude-Skills` really has one repeated workflow failure blocking rollout, I can send the Workflow Hardening Sprint brief plus the commercial truth and verification evidence: https://thumbgate.ai/#workflow-sprint-intake Commercial truth: https://github.com/IgorGanapolsky/ThumbGate/blob/main/docs/COMMERCIAL_TRUTH.md Verification evidence: https://github.com/IgorGanapolsky/ThumbGate/blob/main/docs/VERIFICATION_EVIDENCE.md","If you want to inspect the self-serve path while you evaluate `Claude-Skills`, start with the proof-backed setup guide: https://thumbgate.ai/guide If you decide the tool path is enough, the live Pro checkout is https://thumbgate.ai/checkout/pro. If the blocker needs hands-on workflow hardening, keep the sprint intake here: https://thumbgate.ai/#workflow-sprint-intake","If you are already comparing close options for `Claude-Skills`, the primary path is Workflow Hardening Sprint: https://thumbgate.ai/#workflow-sprint-intake Self-serve Pro: https://thumbgate.ai/checkout/pro Commercial truth: https://github.com/IgorGanapolsky/ThumbGate/blob/main/docs/COMMERCIAL_TRUTH.md Verification evidence: https://github.com/IgorGanapolsky/ThumbGate/blob/main/docs/VERIFICATION_EVIDENCE.md",npm run sales:pipeline -- advance --lead 'github_borghei_claude_skills' --channel 'manual' --stage 'contacted' --note 'Sent Workflow Hardening Sprint first touch focused on rollout proof for one production workflow that cannot afford repeated agent mistakes.',npm run sales:pipeline -- advance --lead 'github_borghei_claude_skills' --channel 'manual' --stage 'replied' --note 'Buyer confirmed pain around rollout proof for one production workflow that cannot afford repeated agent mistakes.',npm run sales:pipeline -- advance --lead 'github_borghei_claude_skills' --channel 'manual' --stage 'call_booked' --note 'Booked a 15-minute workflow hardening diagnostic for rollout proof for one production workflow that cannot afford repeated agent mistakes.',npm run sales:pipeline -- advance --lead 'github_borghei_claude_skills' --channel 'manual' --stage 'checkout_started' --note 'Buyer started the self-serve checkout after discussing rollout proof for one production workflow that cannot afford repeated agent mistakes.',npm run sales:pipeline -- advance --lead 'github_borghei_claude_skills' --channel 'manual' --stage 'sprint_intake' --note 'Buyer moved into Workflow Hardening Sprint intake for rollout proof for one production workflow that cannot afford repeated agent mistakes.',npm run sales:pipeline -- advance --lead 'github_borghei_claude_skills' --channel 'manual' --stage 'paid' --note 'Closed Workflow Hardening Sprint and booked revenue after resolving rollout proof for one production workflow that cannot afford repeated agent mistakes.'
cold,github,github,nihannihu,nihannihu,@Omni-IDE,https://github.com/nihannihu,GitHub profile: https://github.com/nihannihu; Repository: https://github.com/nihannihu/Omni-SRE,Omni-SRE,https://github.com/nihannihu/Omni-SRE,2026-04-17T15:11:02Z,workflow_hardening_sprint,targeted,github_nihannihu_omni_sre,Send the first-touch draft and log the outreach in the sales pipeline.,,14,workflow control surface; production or platform workflow; business-system integration; agent infrastructure; updated in the last 30 days,https://github.com/nihannihu/Omni-SRE,Target signal: https://github.com/nihannihu/Omni-SRE; Commercial truth: https://github.com/IgorGanapolsky/ThumbGate/blob/main/docs/COMMERCIAL_TRUTH.md; Verification evidence: https://github.com/IgorGanapolsky/ThumbGate/blob/main/docs/VERIFICATION_EVIDENCE.md,"Do not claim revenue, installs, or marketplace approval without direct command evidence.; Do not lead with proof links before the buyer confirms pain.; Keep public pricing and traction claims aligned with COMMERCIAL_TRUTH.md.; Keep proof and quality claims aligned with VERIFICATION_EVIDENCE.md.","Lead with one business-system workflow that needs approval boundaries, rollback safety, and proof.",Workflow Hardening Sprint,"Lead with one business-system workflow that needs approval boundaries, rollback safety, and proof.",Use proof pack only after the buyer confirms pain.,https://thumbgate.ai/#workflow-sprint-intake,"Hey @nihannihu, your Omni-SRE project caught my eye – especially the real-time GitHub Webhook sync for security. I will harden one AI-agent workflow for you, specifically focusing on approval boundaries and rollback safety during a Workflow Hardening Sprint.","If `Omni-SRE` really has one repeated workflow failure blocking rollout, I can send the Workflow Hardening Sprint brief plus the commercial truth and verification evidence: https://thumbgate.ai/#workflow-sprint-intake Commercial truth: https://github.com/IgorGanapolsky/ThumbGate/blob/main/docs/COMMERCIAL_TRUTH.md Verification evidence: https://github.com/IgorGanapolsky/ThumbGate/blob/main/docs/VERIFICATION_EVIDENCE.md","If you want to inspect the self-serve path while you evaluate `Omni-SRE`, start with the proof-backed setup guide: https://thumbgate.ai/guide If you decide the tool path is enough, the live Pro checkout is https://thumbgate.ai/checkout/pro. If the blocker needs hands-on workflow hardening, keep the sprint intake here: https://thumbgate.ai/#workflow-sprint-intake","If you are already comparing close options for `Omni-SRE`, the primary path is Workflow Hardening Sprint: https://thumbgate.ai/#workflow-sprint-intake Self-serve Pro: https://thumbgate.ai/checkout/pro Commercial truth: https://github.com/IgorGanapolsky/ThumbGate/blob/main/docs/COMMERCIAL_TRUTH.md Verification evidence: https://github.com/IgorGanapolsky/ThumbGate/blob/main/docs/VERIFICATION_EVIDENCE.md","npm run sales:pipeline -- advance --lead 'github_nihannihu_omni_sre' --channel 'manual' --stage 'contacted' --note 'Sent Workflow Hardening Sprint first touch focused on one business-system workflow that needs approval boundaries, rollback safety, and proof.'","npm run sales:pipeline -- advance --lead 'github_nihannihu_omni_sre' --channel 'manual' --stage 'replied' --note 'Buyer confirmed pain around one business-system workflow that needs approval boundaries, rollback safety, and proof.'","npm run sales:pipeline -- advance --lead 'github_nihannihu_omni_sre' --channel 'manual' --stage 'call_booked' --note 'Booked a 15-minute workflow hardening diagnostic for one business-system workflow that needs approval boundaries, rollback safety, and proof.'","npm run sales:pipeline -- advance --lead 'github_nihannihu_omni_sre' --channel 'manual' --stage 'checkout_started' --note 'Buyer started the self-serve checkout after discussing one business-system workflow that needs approval boundaries, rollback safety, and proof.'","npm run sales:pipeline -- advance --lead 'github_nihannihu_omni_sre' --channel 'manual' --stage 'sprint_intake' --note 'Buyer moved into Workflow Hardening Sprint intake for one business-system workflow that needs approval boundaries, rollback safety, and proof.'","npm run sales:pipeline -- advance --lead 'github_nihannihu_omni_sre' --channel 'manual' --stage 'paid' --note 'Closed Workflow Hardening Sprint and booked revenue after resolving one business-system workflow that needs approval boundaries, rollback safety, and proof.'"
cold,github,github,DGouron,DGouron,Mentor Goal,https://dgouron.fr/,Website: https://dgouron.fr/; GitHub profile: https://github.com/DGouron; Repository: https://github.com/DGouron/review-flow,review-flow,https://github.com/DGouron/review-flow,2026-04-25T03:12:00Z,workflow_hardening_sprint,targeted,github_dgouron_review_flow,Send the first-touch draft and log the outreach in the sales pipeline.,,13,workflow control surface; business-system integration; agent infrastructure; 36 GitHub stars; updated in the last 30 days,https://github.com/DGouron/review-flow,Target signal: https://github.com/DGouron/review-flow; Commercial truth: https://github.com/IgorGanapolsky/ThumbGate/blob/main/docs/COMMERCIAL_TRUTH.md; Verification evidence: https://github.com/IgorGanapolsky/ThumbGate/blob/main/docs/VERIFICATION_EVIDENCE.md,"Do not claim revenue, installs, or marketplace approval without direct command evidence.; Do not lead with proof links before the buyer confirms pain.; Keep public pricing and traction claims aligned with COMMERCIAL_TRUTH.md.; Keep proof and quality claims aligned with VERIFICATION_EVIDENCE.md.","Lead with one business-system workflow that needs approval boundaries, rollback safety, and proof.",Workflow Hardening Sprint,"Lead with one business-system workflow that needs approval boundaries, rollback safety, and proof.",Use proof pack only after the buyer confirms pain.,https://thumbgate.ai/#workflow-sprint-intake,"Hey @DGouron, your `review-flow` project's multi-agent audits are exactly where ThumbGate hardens AI-agent workflows for provable execution. I will harden one AI-agent workflow for you to embed approval boundaries and rollback safety.","If `review-flow` really has one repeated workflow failure blocking rollout, I can send the Workflow Hardening Sprint brief plus the commercial truth and verification evidence: https://thumbgate.ai/#workflow-sprint-intake Commercial truth: https://github.com/IgorGanapolsky/ThumbGate/blob/main/docs/COMMERCIAL_TRUTH.md Verification evidence: https://github.com/IgorGanapolsky/ThumbGate/blob/main/docs/VERIFICATION_EVIDENCE.md","If you want to inspect the self-serve path while you evaluate `review-flow`, start with the proof-backed setup guide: https://thumbgate.ai/guide If you decide the tool path is enough, the live Pro checkout is https://thumbgate.ai/checkout/pro. If the blocker needs hands-on workflow hardening, keep the sprint intake here: https://thumbgate.ai/#workflow-sprint-intake","If you are already comparing close options for `review-flow`, the primary path is Workflow Hardening Sprint: https://thumbgate.ai/#workflow-sprint-intake Self-serve Pro: https://thumbgate.ai/checkout/pro Commercial truth: https://github.com/IgorGanapolsky/ThumbGate/blob/main/docs/COMMERCIAL_TRUTH.md Verification evidence: https://github.com/IgorGanapolsky/ThumbGate/blob/main/docs/VERIFICATION_EVIDENCE.md","npm run sales:pipeline -- advance --lead 'github_dgouron_review_flow' --channel 'manual' --stage 'contacted' --note 'Sent Workflow Hardening Sprint first touch focused on one business-system workflow that needs approval boundaries, rollback safety, and proof.'","npm run sales:pipeline -- advance --lead 'github_dgouron_review_flow' --channel 'manual' --stage 'replied' --note 'Buyer confirmed pain around one business-system workflow that needs approval boundaries, rollback safety, and proof.'","npm run sales:pipeline -- advance --lead 'github_dgouron_review_flow' --channel 'manual' --stage 'call_booked' --note 'Booked a 15-minute workflow hardening diagnostic for one business-system workflow that needs approval boundaries, rollback safety, and proof.'","npm run sales:pipeline -- advance --lead 'github_dgouron_review_flow' --channel 'manual' --stage 'checkout_started' --note 'Buyer started the self-serve checkout after discussing one business-system workflow that needs approval boundaries, rollback safety, and proof.'","npm run sales:pipeline -- advance --lead 'github_dgouron_review_flow' --channel 'manual' --stage 'sprint_intake' --note 'Buyer moved into Workflow Hardening Sprint intake for one business-system workflow that needs approval boundaries, rollback safety, and proof.'","npm run sales:pipeline -- advance --lead 'github_dgouron_review_flow' --channel 'manual' --stage 'paid' --note 'Closed Workflow Hardening Sprint and booked revenue after resolving one business-system workflow that needs approval boundaries, rollback safety, and proof.'"
cold,github,github,freema,freema,,http://www.tomasgrasl.cz/,Website: http://www.tomasgrasl.cz/; GitHub profile: https://github.com/freema; Repository: https://github.com/freema/mcp-jira-stdio,mcp-jira-stdio,https://github.com/freema/mcp-jira-stdio,2026-05-01T14:41:04Z,workflow_hardening_sprint,targeted,github_freema_mcp_jira_stdio,Send the first-touch draft and log the outreach in the sales pipeline.,,13,workflow control surface; business-system integration; agent infrastructure; 12 GitHub stars; updated in the last 7 days,https://github.com/freema/mcp-jira-stdio,Target signal: https://github.com/freema/mcp-jira-stdio; Commercial truth: https://github.com/IgorGanapolsky/ThumbGate/blob/main/docs/COMMERCIAL_TRUTH.md; Verification evidence: https://github.com/IgorGanapolsky/ThumbGate/blob/main/docs/VERIFICATION_EVIDENCE.md,"Do not claim revenue, installs, or marketplace approval without direct command evidence.; Do not lead with proof links before the buyer confirms pain.; Keep public pricing and traction claims aligned with COMMERCIAL_TRUTH.md.; Keep proof and quality claims aligned with VERIFICATION_EVIDENCE.md.","Lead with one business-system workflow that needs approval boundaries, rollback safety, and proof.",Workflow Hardening Sprint,"Lead with one business-system workflow that needs approval boundaries, rollback safety, and proof.",Use proof pack only after the buyer confirms pain.,https://thumbgate.ai/#workflow-sprint-intake,"Hey @freema, seeing your `mcp-jira-stdio` work with Model Context Protocol workflows, I'd like to offer to harden one AI-agent workflow for you. This would establish the approval boundaries and rollback safety critical for business system integrity.","If `mcp-jira-stdio` really has one repeated workflow failure blocking rollout, I can send the Workflow Hardening Sprint brief plus the commercial truth and verification evidence: https://thumbgate.ai/#workflow-sprint-intake Commercial truth: https://github.com/IgorGanapolsky/ThumbGate/blob/main/docs/COMMERCIAL_TRUTH.md Verification evidence: https://github.com/IgorGanapolsky/ThumbGate/blob/main/docs/VERIFICATION_EVIDENCE.md","If you want to inspect the self-serve path while you evaluate `mcp-jira-stdio`, start with the proof-backed setup guide: https://thumbgate.ai/guide If you decide the tool path is enough, the live Pro checkout is https://thumbgate.ai/checkout/pro. If the blocker needs hands-on workflow hardening, keep the sprint intake here: https://thumbgate.ai/#workflow-sprint-intake","If you are already comparing close options for `mcp-jira-stdio`, the primary path is Workflow Hardening Sprint: https://thumbgate.ai/#workflow-sprint-intake Self-serve Pro: https://thumbgate.ai/checkout/pro Commercial truth: https://github.com/IgorGanapolsky/ThumbGate/blob/main/docs/COMMERCIAL_TRUTH.md Verification evidence: https://github.com/IgorGanapolsky/ThumbGate/blob/main/docs/VERIFICATION_EVIDENCE.md","npm run sales:pipeline -- advance --lead 'github_freema_mcp_jira_stdio' --channel 'manual' --stage 'contacted' --note 'Sent Workflow Hardening Sprint first touch focused on one business-system workflow that needs approval boundaries, rollback safety, and proof.'","npm run sales:pipeline -- advance --lead 'github_freema_mcp_jira_stdio' --channel 'manual' --stage 'replied' --note 'Buyer confirmed pain around one business-system workflow that needs approval boundaries, rollback safety, and proof.'","npm run sales:pipeline -- advance --lead 'github_freema_mcp_jira_stdio' --channel 'manual' --stage 'call_booked' --note 'Booked a 15-minute workflow hardening diagnostic for one business-system workflow that needs approval boundaries, rollback safety, and proof.'","npm run sales:pipeline -- advance --lead 'github_freema_mcp_jira_stdio' --channel 'manual' --stage 'checkout_started' --note 'Buyer started the self-serve checkout after discussing one business-system workflow that needs approval boundaries, rollback safety, and proof.'","npm run sales:pipeline -- advance --lead 'github_freema_mcp_jira_stdio' --channel 'manual' --stage 'sprint_intake' --note 'Buyer moved into Workflow Hardening Sprint intake for one business-system workflow that needs approval boundaries, rollback safety, and proof.'","npm run sales:pipeline -- advance --lead 'github_freema_mcp_jira_stdio' --channel 'manual' --stage 'paid' --note 'Closed Workflow Hardening Sprint and booked revenue after resolving one business-system workflow that needs approval boundaries, rollback safety, and proof.'"
cold,github,github,agynio,agynio,,https://agyn.io/,Website: https://agyn.io/; GitHub profile: https://github.com/agynio; Repository: https://github.com/agynio/gh-pr-review,gh-pr-review,https://github.com/agynio/gh-pr-review,2026-05-02T19:02:17Z,pro_self_serve,targeted,github_agynio_gh_pr_review,Send the first-touch draft and log the outreach in the sales pipeline.,,15,workflow control surface; business-system integration; self-serve agent tooling; 144 GitHub stars; updated in the last 7 days,https://github.com/agynio/gh-pr-review,Target signal: https://github.com/agynio/gh-pr-review; Commercial truth: https://github.com/IgorGanapolsky/ThumbGate/blob/main/docs/COMMERCIAL_TRUTH.md; Verification evidence: https://github.com/IgorGanapolsky/ThumbGate/blob/main/docs/VERIFICATION_EVIDENCE.md,"Do not claim revenue, installs, or marketplace approval without direct command evidence.; Do not lead with proof links before the buyer confirms pain.; Keep public pricing and traction claims aligned with COMMERCIAL_TRUTH.md.; Keep proof and quality claims aligned with VERIFICATION_EVIDENCE.md.","Lead with one business-system workflow that needs approval boundaries, rollback safety, and proof.",Pro at $19/mo or $149/yr,"Target looks like a local hook, plugin, or config surface, so start with the setup guide and Pro follow-on before pitching a sprint.",Use proof pack only after the buyer confirms pain.,https://thumbgate.ai/guide,"Hey @agynio, your `gh-pr-review` sounds like a solid foundation for LLM-powered review agents. We built ThumbGate Pro to provide the critical verification and guardrails needed when integrating LLMs into those automated workflows, starting at $19/mo.","If you want the self-serve path for `gh-pr-review`, here is the live Pro checkout: https://thumbgate.ai/checkout/pro Commercial truth: https://github.com/IgorGanapolsky/ThumbGate/blob/main/docs/COMMERCIAL_TRUTH.md Verification evidence: https://github.com/IgorGanapolsky/ThumbGate/blob/main/docs/VERIFICATION_EVIDENCE.md","If you want the self-serve path for `gh-pr-review`, start with the proof-backed setup guide: https://thumbgate.ai/guide If the install path looks right and you want the dashboard plus export-ready evidence, the live Pro checkout is https://thumbgate.ai/checkout/pro","If you are already comparing close options for `gh-pr-review`, the primary path is Pro at $19/mo or $149/yr: https://thumbgate.ai/checkout/pro Self-serve Pro: https://thumbgate.ai/checkout/pro Commercial truth: https://github.com/IgorGanapolsky/ThumbGate/blob/main/docs/COMMERCIAL_TRUTH.md Verification evidence: https://github.com/IgorGanapolsky/ThumbGate/blob/main/docs/VERIFICATION_EVIDENCE.md","npm run sales:pipeline -- advance --lead 'github_agynio_gh_pr_review' --channel 'manual' --stage 'contacted' --note 'Sent Pro at $19/mo or $149/yr self-serve first touch focused on one business-system workflow that needs approval boundaries, rollback safety, and proof.'","npm run sales:pipeline -- advance --lead 'github_agynio_gh_pr_review' --channel 'manual' --stage 'replied' --note 'Buyer confirmed pain around one business-system workflow that needs approval boundaries, rollback safety, and proof.'","npm run sales:pipeline -- advance --lead 'github_agynio_gh_pr_review' --channel 'manual' --stage 'call_booked' --note 'Booked a 15-minute diagnostic after the self-serve conversation exposed repeated pain around one business-system workflow that needs approval boundaries, rollback safety, and proof.'","npm run sales:pipeline -- advance --lead 'github_agynio_gh_pr_review' --channel 'manual' --stage 'checkout_started' --note 'Buyer started the self-serve checkout after discussing one business-system workflow that needs approval boundaries, rollback safety, and proof.'","npm run sales:pipeline -- advance --lead 'github_agynio_gh_pr_review' --channel 'manual' --stage 'sprint_intake' --note 'Buyer escalated from the self-serve lane into Workflow Hardening Sprint intake for one business-system workflow that needs approval boundaries, rollback safety, and proof.'","npm run sales:pipeline -- advance --lead 'github_agynio_gh_pr_review' --channel 'manual' --stage 'paid' --note 'Closed Pro at $19/mo or $149/yr and booked revenue after resolving one business-system workflow that needs approval boundaries, rollback safety, and proof.'"
cold,github,github,easingthemes,easingthemes,@Netcentric,https://www.linkedin.com/in/draganfilipovic/,Website: https://www.linkedin.com/in/draganfilipovic/; GitHub profile: https://github.com/easingthemes; Repository: https://github.com/easingthemes/dx-aem-flow,dx-aem-flow,https://github.com/easingthemes/dx-aem-flow,2026-05-04T13:59:40Z,pro_self_serve,targeted,github_easingthemes_dx_aem_flow,Send the first-touch draft and log the outreach in the sales pipeline.,,14,workflow control surface; production or platform workflow; self-serve agent tooling; 6 GitHub stars; updated in the last 7 days,https://github.com/easingthemes/dx-aem-flow,Target signal: https://github.com/easingthemes/dx-aem-flow; Commercial truth: https://github.com/IgorGanapolsky/ThumbGate/blob/main/docs/COMMERCIAL_TRUTH.md; Verification evidence: https://github.com/IgorGanapolsky/ThumbGate/blob/main/docs/VERIFICATION_EVIDENCE.md,"Do not claim revenue, installs, or marketplace approval without direct command evidence.; Do not lead with proof links before the buyer confirms pain.; Keep public pricing and traction claims aligned with COMMERCIAL_TRUTH.md.; Keep proof and quality claims aligned with VERIFICATION_EVIDENCE.md.",Lead with the proof-backed setup guide and local-first enforcement before any team-motion pitch.,Pro at $19/mo or $149/yr,"Target looks like a local hook, plugin, or config surface, so start with the setup guide and Pro follow-on before pitching a sprint.",Use proof pack only after the buyer confirms pain.,https://thumbgate.ai/guide,"Your `dx-aem-flow` project, particularly autonomous CI agents, sounds like a strong fit for how ThumbGate hardens AI-agent workflows against drift. Our Pro subscription at $19/mo provides the tools to integrate and tune your existing agents.","If you want the self-serve path for `dx-aem-flow`, here is the live Pro checkout: https://thumbgate.ai/checkout/pro Commercial truth: https://github.com/IgorGanapolsky/ThumbGate/blob/main/docs/COMMERCIAL_TRUTH.md Verification evidence: https://github.com/IgorGanapolsky/ThumbGate/blob/main/docs/VERIFICATION_EVIDENCE.md","If you want the self-serve path for `dx-aem-flow`, start with the proof-backed setup guide: https://thumbgate.ai/guide If the install path looks right and you want the dashboard plus export-ready evidence, the live Pro checkout is https://thumbgate.ai/checkout/pro","If you are already comparing close options for `dx-aem-flow`, the primary path is Pro at $19/mo or $149/yr: https://thumbgate.ai/checkout/pro Self-serve Pro: https://thumbgate.ai/checkout/pro Commercial truth: https://github.com/IgorGanapolsky/ThumbGate/blob/main/docs/COMMERCIAL_TRUTH.md Verification evidence: https://github.com/IgorGanapolsky/ThumbGate/blob/main/docs/VERIFICATION_EVIDENCE.md",npm run sales:pipeline -- advance --lead 'github_easingthemes_dx_aem_flow' --channel 'manual' --stage 'contacted' --note 'Sent Pro at $19/mo or $149/yr self-serve first touch focused on the proof-backed setup guide and local-first enforcement before any team-motion pitch.',npm run sales:pipeline -- advance --lead 'github_easingthemes_dx_aem_flow' --channel 'manual' --stage 'replied' --note 'Buyer confirmed pain around the proof-backed setup guide and local-first enforcement before any team-motion pitch.',npm run sales:pipeline -- advance --lead 'github_easingthemes_dx_aem_flow' --channel 'manual' --stage 'call_booked' --note 'Booked a 15-minute diagnostic after the self-serve conversation exposed repeated pain around the proof-backed setup guide and local-first enforcement before any team-motion pitch.',npm run sales:pipeline -- advance --lead 'github_easingthemes_dx_aem_flow' --channel 'manual' --stage 'checkout_started' --note 'Buyer started the self-serve checkout after discussing the proof-backed setup guide and local-first enforcement before any team-motion pitch.',npm run sales:pipeline -- advance --lead 'github_easingthemes_dx_aem_flow' --channel 'manual' --stage 'sprint_intake' --note 'Buyer escalated from the self-serve lane into Workflow Hardening Sprint intake for the proof-backed setup guide and local-first enforcement before any team-motion pitch.',npm run sales:pipeline -- advance --lead 'github_easingthemes_dx_aem_flow' --channel 'manual' --stage 'paid' --note 'Closed Pro at $19/mo or $149/yr and booked revenue after resolving the proof-backed setup guide and local-first enforcement before any team-motion pitch.'
cold,github,github,bherald,bherald,,https://wphc.us/,Website: https://wphc.us/; GitHub profile: https://github.com/bherald; Repository: https://github.com/bherald/personal-life-os-core,personal-life-os-core,https://github.com/bherald/personal-life-os-core,2026-05-04T14:22:45Z,pro_self_serve,targeted,github_bherald_personal_life_os_core,Send the first-touch draft and log the outreach in the sales pipeline.,,14,workflow control surface; production or platform workflow; agent infrastructure; self-serve agent tooling; updated in the last 7 days,https://github.com/bherald/personal-life-os-core,Target signal: https://github.com/bherald/personal-life-os-core; Commercial truth: https://github.com/IgorGanapolsky/ThumbGate/blob/main/docs/COMMERCIAL_TRUTH.md; Verification evidence: https://github.com/IgorGanapolsky/ThumbGate/blob/main/docs/VERIFICATION_EVIDENCE.md,"Do not claim revenue, installs, or marketplace approval without direct command evidence.; Do not lead with proof links before the buyer confirms pain.; Keep public pricing and traction claims aligned with COMMERCIAL_TRUTH.md.; Keep proof and quality claims aligned with VERIFICATION_EVIDENCE.md.",Lead with the proof-backed setup guide and local-first enforcement before any team-motion pitch.,Pro at $19/mo or $149/yr,"Target looks like a self-serve tooling surface, so Pro is the cleaner CTA unless a concrete workflow pain is confirmed.",Use proof pack only after the buyer confirms pain.,https://thumbgate.ai/guide,"Saw your `personal-life-os-core` project's focus on operator-guided agents and workflows. ThumbGate helps harden AI agent behavior and verify outputs, which you can leverage with our Pro plan at $19/mo.","If you want the self-serve path for `personal-life-os-core`, here is the live Pro checkout: https://thumbgate.ai/checkout/pro Commercial truth: https://github.com/IgorGanapolsky/ThumbGate/blob/main/docs/COMMERCIAL_TRUTH.md Verification evidence: https://github.com/IgorGanapolsky/ThumbGate/blob/main/docs/VERIFICATION_EVIDENCE.md","If you want the self-serve path for `personal-life-os-core`, start with the proof-backed setup guide: https://thumbgate.ai/guide If the install path looks right and you want the dashboard plus export-ready evidence, the live Pro checkout is https://thumbgate.ai/checkout/pro","If you are already comparing close options for `personal-life-os-core`, the primary path is Pro at $19/mo or $149/yr: https://thumbgate.ai/checkout/pro Self-serve Pro: https://thumbgate.ai/checkout/pro Commercial truth: https://github.com/IgorGanapolsky/ThumbGate/blob/main/docs/COMMERCIAL_TRUTH.md Verification evidence: https://github.com/IgorGanapolsky/ThumbGate/blob/main/docs/VERIFICATION_EVIDENCE.md",npm run sales:pipeline -- advance --lead 'github_bherald_personal_life_os_core' --channel 'manual' --stage 'contacted' --note 'Sent Pro at $19/mo or $149/yr self-serve first touch focused on the proof-backed setup guide and local-first enforcement before any team-motion pitch.',npm run sales:pipeline -- advance --lead 'github_bherald_personal_life_os_core' --channel 'manual' --stage 'replied' --note 'Buyer confirmed pain around the proof-backed setup guide and local-first enforcement before any team-motion pitch.',npm run sales:pipeline -- advance --lead 'github_bherald_personal_life_os_core' --channel 'manual' --stage 'call_booked' --note 'Booked a 15-minute diagnostic after the self-serve conversation exposed repeated pain around the proof-backed setup guide and local-first enforcement before any team-motion pitch.',npm run sales:pipeline -- advance --lead 'github_bherald_personal_life_os_core' --channel 'manual' --stage 'checkout_started' --note 'Buyer started the self-serve checkout after discussing the proof-backed setup guide and local-first enforcement before any team-motion pitch.',npm run sales:pipeline -- advance --lead 'github_bherald_personal_life_os_core' --channel 'manual' --stage 'sprint_intake' --note 'Buyer escalated from the self-serve lane into Workflow Hardening Sprint intake for the proof-backed setup guide and local-first enforcement before any team-motion pitch.',npm run sales:pipeline -- advance --lead 'github_bherald_personal_life_os_core' --channel 'manual' --stage 'paid' --note 'Closed Pro at $19/mo or $149/yr and booked revenue after resolving the proof-backed setup guide and local-first enforcement before any team-motion pitch.'
