rank,sectionKey,sectionLabel,temperature,source,channel,pipelineStage,pipelineLeadId,username,accountName,company,repoName,repoUrl,contactSurface,contactSurfaces,pipelineUpdatedAt,nextOperatorStep,evidenceScore,evidence,evidenceLinks,claimGuardrails,motionLabel,whyNow,proofRule,cta,firstTouchDraft,painConfirmedFollowUpDraft,selfServeFollowUpDraft,checkoutCloseDraft,markContactedCommand,markRepliedCommand,markCallBookedCommand,markCheckoutStartedCommand,markSprintIntakeCommand,markPaidCommand
1,send_now_warm_discovery,Send Now: Warm Discovery,warm,reddit,reddit_dm,targeted,reddit_deep_ad1959_r_cursor,Deep_Ad1959,r/cursor,,,,https://www.reddit.com/user/Deep_Ad1959/,n/a,,Send the first-touch draft and log the outreach in the sales pipeline.,10,warm inbound engagement; workflow pain named: rollback risk; already in DMs,Target signal: https://www.reddit.com/user/Deep_Ad1959/; Commercial truth: https://github.com/IgorGanapolsky/ThumbGate/blob/main/docs/COMMERCIAL_TRUTH.md; Verification evidence: https://github.com/IgorGanapolsky/ThumbGate/blob/main/docs/VERIFICATION_EVIDENCE.md,"Do not claim revenue, installs, or marketplace approval without direct command evidence.; Do not lead with proof links before the buyer confirms pain.; Keep public pricing and traction claims aligned with COMMERCIAL_TRUTH.md.; Keep proof and quality claims aligned with VERIFICATION_EVIDENCE.md.",Workflow Hardening Sprint,"Warm Reddit engager already named a repeated workflow risk, so the fastest path is a founder-led diagnostic.",Use proof pack only after the buyer confirms pain.,https://thumbgate.ai/#workflow-sprint-intake,"Your question about rollback rates when context changes is exactly the right one. I am looking for one AI-agent workflow to harden end-to-end this week: repeated failure, prevention rule, and proof run. If you have one workflow where context drift or rollback risk keeps showing up, I can harden that workflow for you. Worth a 15-minute diagnostic?","If your workflow really has one repeated workflow failure blocking rollout, I can send the Workflow Hardening Sprint brief plus the commercial truth and verification evidence: https://thumbgate.ai/#workflow-sprint-intake Commercial truth: https://github.com/IgorGanapolsky/ThumbGate/blob/main/docs/COMMERCIAL_TRUTH.md Verification evidence: https://github.com/IgorGanapolsky/ThumbGate/blob/main/docs/VERIFICATION_EVIDENCE.md","If you want to inspect the self-serve path while you evaluate your workflow, start with the proof-backed setup guide: https://thumbgate.ai/guide If you decide the tool path is enough, the live Pro checkout is https://thumbgate.ai/checkout/pro. If the blocker needs hands-on workflow hardening, keep the sprint intake here: https://thumbgate.ai/#workflow-sprint-intake","If you are already comparing close options for your workflow, the primary path is Workflow Hardening Sprint: https://thumbgate.ai/#workflow-sprint-intake Self-serve Pro: https://thumbgate.ai/checkout/pro Commercial truth: https://github.com/IgorGanapolsky/ThumbGate/blob/main/docs/COMMERCIAL_TRUTH.md Verification evidence: https://github.com/IgorGanapolsky/ThumbGate/blob/main/docs/VERIFICATION_EVIDENCE.md",npm run sales:pipeline -- advance --lead 'reddit_deep_ad1959_r_cursor' --channel 'reddit_dm' --stage 'contacted' --note 'Sent Workflow Hardening Sprint first touch focused on rollback risk.',npm run sales:pipeline -- advance --lead 'reddit_deep_ad1959_r_cursor' --channel 'reddit_dm' --stage 'replied' --note 'Buyer confirmed pain around rollback risk.',npm run sales:pipeline -- advance --lead 'reddit_deep_ad1959_r_cursor' --channel 'reddit_dm' --stage 'call_booked' --note 'Booked a 15-minute workflow hardening diagnostic for rollback risk.',npm run sales:pipeline -- advance --lead 'reddit_deep_ad1959_r_cursor' --channel 'reddit_dm' --stage 'checkout_started' --note 'Buyer started the self-serve checkout after discussing rollback risk.',npm run sales:pipeline -- advance --lead 'reddit_deep_ad1959_r_cursor' --channel 'reddit_dm' --stage 'sprint_intake' --note 'Buyer moved into Workflow Hardening Sprint intake for rollback risk.',npm run sales:pipeline -- advance --lead 'reddit_deep_ad1959_r_cursor' --channel 'reddit_dm' --stage 'paid' --note 'Closed Workflow Hardening Sprint and booked revenue after resolving rollback risk.'
2,send_now_warm_discovery,Send Now: Warm Discovery,warm,reddit,reddit_dm,targeted,reddit_game_of_kton_r_cursor,game-of-kton,r/cursor,,,,https://www.reddit.com/user/game-of-kton/,n/a,,Send the first-touch draft and log the outreach in the sales pipeline.,9,warm inbound engagement; built serious memory systems; workflow pain named: stale context and conflicting facts,Target signal: https://www.reddit.com/user/game-of-kton/; Commercial truth: https://github.com/IgorGanapolsky/ThumbGate/blob/main/docs/COMMERCIAL_TRUTH.md; Verification evidence: https://github.com/IgorGanapolsky/ThumbGate/blob/main/docs/VERIFICATION_EVIDENCE.md,"Do not claim revenue, installs, or marketplace approval without direct command evidence.; Do not lead with proof links before the buyer confirms pain.; Keep public pricing and traction claims aligned with COMMERCIAL_TRUTH.md.; Keep proof and quality claims aligned with VERIFICATION_EVIDENCE.md.",Workflow Hardening Sprint,"Warm Reddit engager already works on advanced agent memory, so discovery should center on one repeated failure pattern.",Use proof pack only after the buyer confirms pain.,https://thumbgate.ai/#workflow-sprint-intake,"Your ACT-R engram work is fascinating, especially the conflict resolution for opposing facts and the decay model. I am looking for one serious AI-agent workflow to harden end-to-end this week. If your memory system has one recurring failure mode such as stale context, opposing facts, bad handoffs, or unsafe tool calls, I can turn that into a prevention rule and proof run. Open to a 15-minute diagnostic?","If your workflow really has one repeated workflow failure blocking rollout, I can send the Workflow Hardening Sprint brief plus the commercial truth and verification evidence: https://thumbgate.ai/#workflow-sprint-intake Commercial truth: https://github.com/IgorGanapolsky/ThumbGate/blob/main/docs/COMMERCIAL_TRUTH.md Verification evidence: https://github.com/IgorGanapolsky/ThumbGate/blob/main/docs/VERIFICATION_EVIDENCE.md","If you want to inspect the self-serve path while you evaluate your workflow, start with the proof-backed setup guide: https://thumbgate.ai/guide If you decide the tool path is enough, the live Pro checkout is https://thumbgate.ai/checkout/pro. If the blocker needs hands-on workflow hardening, keep the sprint intake here: https://thumbgate.ai/#workflow-sprint-intake","If you are already comparing close options for your workflow, the primary path is Workflow Hardening Sprint: https://thumbgate.ai/#workflow-sprint-intake Self-serve Pro: https://thumbgate.ai/checkout/pro Commercial truth: https://github.com/IgorGanapolsky/ThumbGate/blob/main/docs/COMMERCIAL_TRUTH.md Verification evidence: https://github.com/IgorGanapolsky/ThumbGate/blob/main/docs/VERIFICATION_EVIDENCE.md",npm run sales:pipeline -- advance --lead 'reddit_game_of_kton_r_cursor' --channel 'reddit_dm' --stage 'contacted' --note 'Sent Workflow Hardening Sprint first touch focused on stale context and conflicting facts.',npm run sales:pipeline -- advance --lead 'reddit_game_of_kton_r_cursor' --channel 'reddit_dm' --stage 'replied' --note 'Buyer confirmed pain around stale context and conflicting facts.',npm run sales:pipeline -- advance --lead 'reddit_game_of_kton_r_cursor' --channel 'reddit_dm' --stage 'call_booked' --note 'Booked a 15-minute workflow hardening diagnostic for stale context and conflicting facts.',npm run sales:pipeline -- advance --lead 'reddit_game_of_kton_r_cursor' --channel 'reddit_dm' --stage 'checkout_started' --note 'Buyer started the self-serve checkout after discussing stale context and conflicting facts.',npm run sales:pipeline -- advance --lead 'reddit_game_of_kton_r_cursor' --channel 'reddit_dm' --stage 'sprint_intake' --note 'Buyer moved into Workflow Hardening Sprint intake for stale context and conflicting facts.',npm run sales:pipeline -- advance --lead 'reddit_game_of_kton_r_cursor' --channel 'reddit_dm' --stage 'paid' --note 'Closed Workflow Hardening Sprint and booked revenue after resolving stale context and conflicting facts.'
3,send_now_warm_discovery,Send Now: Warm Discovery,warm,reddit,reddit_dm,targeted,reddit_leogodin217_r_claudecode,leogodin217,r/ClaudeCode,,,,https://www.reddit.com/user/leogodin217/,n/a,,Send the first-touch draft and log the outreach in the sales pipeline.,9,warm inbound engagement; mature multi-step workflow described; workflow pain named: review boundaries and context risk,Target signal: https://www.reddit.com/user/leogodin217/; Commercial truth: https://github.com/IgorGanapolsky/ThumbGate/blob/main/docs/COMMERCIAL_TRUTH.md; Verification evidence: https://github.com/IgorGanapolsky/ThumbGate/blob/main/docs/VERIFICATION_EVIDENCE.md,"Do not claim revenue, installs, or marketplace approval without direct command evidence.; Do not lead with proof links before the buyer confirms pain.; Keep public pricing and traction claims aligned with COMMERCIAL_TRUTH.md.; Keep proof and quality claims aligned with VERIFICATION_EVIDENCE.md.",Workflow Hardening Sprint,"Warm Reddit engager already described a mature workflow, so the next step is a targeted diagnostic on one failure mode.",Use proof pack only after the buyer confirms pain.,https://thumbgate.ai/#workflow-sprint-intake,"Your arch-create to sprint workflow is one of the most mature agent processes I have seen anyone describe. I am looking for one AI-agent workflow to harden end-to-end this week. Your workflow already has phases, review boundaries, and context risk, so it is a strong fit: pick one repeating failure and I will help turn it into an enforceable Pre-Action Check plus proof run. Worth 15 minutes?","If your workflow really has one repeated workflow failure blocking rollout, I can send the Workflow Hardening Sprint brief plus the commercial truth and verification evidence: https://thumbgate.ai/#workflow-sprint-intake Commercial truth: https://github.com/IgorGanapolsky/ThumbGate/blob/main/docs/COMMERCIAL_TRUTH.md Verification evidence: https://github.com/IgorGanapolsky/ThumbGate/blob/main/docs/VERIFICATION_EVIDENCE.md","If you want to inspect the self-serve path while you evaluate your workflow, start with the proof-backed setup guide: https://thumbgate.ai/guide If you decide the tool path is enough, the live Pro checkout is https://thumbgate.ai/checkout/pro. If the blocker needs hands-on workflow hardening, keep the sprint intake here: https://thumbgate.ai/#workflow-sprint-intake","If you are already comparing close options for your workflow, the primary path is Workflow Hardening Sprint: https://thumbgate.ai/#workflow-sprint-intake Self-serve Pro: https://thumbgate.ai/checkout/pro Commercial truth: https://github.com/IgorGanapolsky/ThumbGate/blob/main/docs/COMMERCIAL_TRUTH.md Verification evidence: https://github.com/IgorGanapolsky/ThumbGate/blob/main/docs/VERIFICATION_EVIDENCE.md",npm run sales:pipeline -- advance --lead 'reddit_leogodin217_r_claudecode' --channel 'reddit_dm' --stage 'contacted' --note 'Sent Workflow Hardening Sprint first touch focused on review boundaries and context risk.',npm run sales:pipeline -- advance --lead 'reddit_leogodin217_r_claudecode' --channel 'reddit_dm' --stage 'replied' --note 'Buyer confirmed pain around review boundaries and context risk.',npm run sales:pipeline -- advance --lead 'reddit_leogodin217_r_claudecode' --channel 'reddit_dm' --stage 'call_booked' --note 'Booked a 15-minute workflow hardening diagnostic for review boundaries and context risk.',npm run sales:pipeline -- advance --lead 'reddit_leogodin217_r_claudecode' --channel 'reddit_dm' --stage 'checkout_started' --note 'Buyer started the self-serve checkout after discussing review boundaries and context risk.',npm run sales:pipeline -- advance --lead 'reddit_leogodin217_r_claudecode' --channel 'reddit_dm' --stage 'sprint_intake' --note 'Buyer moved into Workflow Hardening Sprint intake for review boundaries and context risk.',npm run sales:pipeline -- advance --lead 'reddit_leogodin217_r_claudecode' --channel 'reddit_dm' --stage 'paid' --note 'Closed Workflow Hardening Sprint and booked revenue after resolving review boundaries and context risk.'
4,send_now_warm_discovery,Send Now: Warm Discovery,warm,reddit,reddit_dm,targeted,reddit_enthu_cutlet_1337_r_claudecode,Enthu-Cutlet-1337,r/ClaudeCode,,,,https://www.reddit.com/user/Enthu-Cutlet-1337/,n/a,,Send the first-touch draft and log the outreach in the sales pipeline.,8,warm inbound engagement; responded to adaptive-gate positioning; workflow pain named: brittle guardrails,Target signal: https://www.reddit.com/user/Enthu-Cutlet-1337/; Commercial truth: https://github.com/IgorGanapolsky/ThumbGate/blob/main/docs/COMMERCIAL_TRUTH.md; Verification evidence: https://github.com/IgorGanapolsky/ThumbGate/blob/main/docs/VERIFICATION_EVIDENCE.md,"Do not claim revenue, installs, or marketplace approval without direct command evidence.; Do not lead with proof links before the buyer confirms pain.; Keep public pricing and traction claims aligned with COMMERCIAL_TRUTH.md.; Keep proof and quality claims aligned with VERIFICATION_EVIDENCE.md.",Workflow Hardening Sprint,"Warm Reddit engager already understands the adaptive-gate thesis, so offer one concrete workflow hardening diagnostic.",Use proof pack only after the buyer confirms pain.,https://thumbgate.ai/#workflow-sprint-intake,"Appreciate the kind words on the Thompson Sampling approach. You nailed the core insight: most guardrails are brittle prompt hacks that break when context shifts. I am looking for one AI-agent workflow to harden end-to-end this week: repeated failure, prevention rule, and proof run. If you have a workflow where brittle guardrails keep failing, I can harden that workflow with you. Open to a 15-minute diagnostic?","If your workflow really has one repeated workflow failure blocking rollout, I can send the Workflow Hardening Sprint brief plus the commercial truth and verification evidence: https://thumbgate.ai/#workflow-sprint-intake Commercial truth: https://github.com/IgorGanapolsky/ThumbGate/blob/main/docs/COMMERCIAL_TRUTH.md Verification evidence: https://github.com/IgorGanapolsky/ThumbGate/blob/main/docs/VERIFICATION_EVIDENCE.md","If you want to inspect the self-serve path while you evaluate your workflow, start with the proof-backed setup guide: https://thumbgate.ai/guide If you decide the tool path is enough, the live Pro checkout is https://thumbgate.ai/checkout/pro. If the blocker needs hands-on workflow hardening, keep the sprint intake here: https://thumbgate.ai/#workflow-sprint-intake","If you are already comparing close options for your workflow, the primary path is Workflow Hardening Sprint: https://thumbgate.ai/#workflow-sprint-intake Self-serve Pro: https://thumbgate.ai/checkout/pro Commercial truth: https://github.com/IgorGanapolsky/ThumbGate/blob/main/docs/COMMERCIAL_TRUTH.md Verification evidence: https://github.com/IgorGanapolsky/ThumbGate/blob/main/docs/VERIFICATION_EVIDENCE.md",npm run sales:pipeline -- advance --lead 'reddit_enthu_cutlet_1337_r_claudecode' --channel 'reddit_dm' --stage 'contacted' --note 'Sent Workflow Hardening Sprint first touch focused on brittle guardrails.',npm run sales:pipeline -- advance --lead 'reddit_enthu_cutlet_1337_r_claudecode' --channel 'reddit_dm' --stage 'replied' --note 'Buyer confirmed pain around brittle guardrails.',npm run sales:pipeline -- advance --lead 'reddit_enthu_cutlet_1337_r_claudecode' --channel 'reddit_dm' --stage 'call_booked' --note 'Booked a 15-minute workflow hardening diagnostic for brittle guardrails.',npm run sales:pipeline -- advance --lead 'reddit_enthu_cutlet_1337_r_claudecode' --channel 'reddit_dm' --stage 'checkout_started' --note 'Buyer started the self-serve checkout after discussing brittle guardrails.',npm run sales:pipeline -- advance --lead 'reddit_enthu_cutlet_1337_r_claudecode' --channel 'reddit_dm' --stage 'sprint_intake' --note 'Buyer moved into Workflow Hardening Sprint intake for brittle guardrails.',npm run sales:pipeline -- advance --lead 'reddit_enthu_cutlet_1337_r_claudecode' --channel 'reddit_dm' --stage 'paid' --note 'Closed Workflow Hardening Sprint and booked revenue after resolving brittle guardrails.'
1,close_now_self_serve_pro,Close Now: Self-Serve Pro,cold,github,github,targeted,github_agynio_gh_pr_review,agynio,agynio,,gh-pr-review,https://github.com/agynio/gh-pr-review,https://agyn.io/,Website: https://agyn.io/; GitHub profile: https://github.com/agynio; Repository: https://github.com/agynio/gh-pr-review,,Send the first-touch draft and log the outreach in the sales pipeline.,15,workflow control surface; business-system integration; self-serve agent tooling; 144 GitHub stars; updated in the last 7 days,Target signal: https://github.com/agynio/gh-pr-review; Commercial truth: https://github.com/IgorGanapolsky/ThumbGate/blob/main/docs/COMMERCIAL_TRUTH.md; Verification evidence: https://github.com/IgorGanapolsky/ThumbGate/blob/main/docs/VERIFICATION_EVIDENCE.md,"Do not claim revenue, installs, or marketplace approval without direct command evidence.; Do not lead with proof links before the buyer confirms pain.; Keep public pricing and traction claims aligned with COMMERCIAL_TRUTH.md.; Keep proof and quality claims aligned with VERIFICATION_EVIDENCE.md.",Pro at $19/mo or $149/yr,"Target looks like a local hook, plugin, or config surface, so start with the setup guide and Pro follow-on before pitching a sprint.",Use proof pack only after the buyer confirms pain.,https://thumbgate.ai/guide,"Hey @agynio, your `gh-pr-review` sounds like a solid foundation for LLM-powered review agents. We built ThumbGate Pro to provide the critical verification and guardrails needed when integrating LLMs into those automated workflows, starting at $19/mo.","If you want the self-serve path for `gh-pr-review`, here is the live Pro checkout: https://thumbgate.ai/checkout/pro Commercial truth: https://github.com/IgorGanapolsky/ThumbGate/blob/main/docs/COMMERCIAL_TRUTH.md Verification evidence: https://github.com/IgorGanapolsky/ThumbGate/blob/main/docs/VERIFICATION_EVIDENCE.md","If you want the self-serve path for `gh-pr-review`, start with the proof-backed setup guide: https://thumbgate.ai/guide If the install path looks right and you want the dashboard plus export-ready evidence, the live Pro checkout is https://thumbgate.ai/checkout/pro","If you are already comparing close options for `gh-pr-review`, the primary path is Pro at $19/mo or $149/yr: https://thumbgate.ai/checkout/pro Self-serve Pro: https://thumbgate.ai/checkout/pro Commercial truth: https://github.com/IgorGanapolsky/ThumbGate/blob/main/docs/COMMERCIAL_TRUTH.md Verification evidence: https://github.com/IgorGanapolsky/ThumbGate/blob/main/docs/VERIFICATION_EVIDENCE.md","npm run sales:pipeline -- advance --lead 'github_agynio_gh_pr_review' --channel 'manual' --stage 'contacted' --note 'Sent Pro at $19/mo or $149/yr self-serve first touch focused on one business-system workflow that needs approval boundaries, rollback safety, and proof.'","npm run sales:pipeline -- advance --lead 'github_agynio_gh_pr_review' --channel 'manual' --stage 'replied' --note 'Buyer confirmed pain around one business-system workflow that needs approval boundaries, rollback safety, and proof.'","npm run sales:pipeline -- advance --lead 'github_agynio_gh_pr_review' --channel 'manual' --stage 'call_booked' --note 'Booked a 15-minute diagnostic after the self-serve conversation exposed repeated pain around one business-system workflow that needs approval boundaries, rollback safety, and proof.'","npm run sales:pipeline -- advance --lead 'github_agynio_gh_pr_review' --channel 'manual' --stage 'checkout_started' --note 'Buyer started the self-serve checkout after discussing one business-system workflow that needs approval boundaries, rollback safety, and proof.'","npm run sales:pipeline -- advance --lead 'github_agynio_gh_pr_review' --channel 'manual' --stage 'sprint_intake' --note 'Buyer escalated from the self-serve lane into Workflow Hardening Sprint intake for one business-system workflow that needs approval boundaries, rollback safety, and proof.'","npm run sales:pipeline -- advance --lead 'github_agynio_gh_pr_review' --channel 'manual' --stage 'paid' --note 'Closed Pro at $19/mo or $149/yr and booked revenue after resolving one business-system workflow that needs approval boundaries, rollback safety, and proof.'"
2,close_now_self_serve_pro,Close Now: Self-Serve Pro,cold,github,github,targeted,github_bherald_personal_life_os_core,bherald,bherald,,personal-life-os-core,https://github.com/bherald/personal-life-os-core,https://wphc.us/,Website: https://wphc.us/; GitHub profile: https://github.com/bherald; Repository: https://github.com/bherald/personal-life-os-core,,Send the first-touch draft and log the outreach in the sales pipeline.,14,workflow control surface; production or platform workflow; agent infrastructure; self-serve agent tooling; updated in the last 7 days,Target signal: https://github.com/bherald/personal-life-os-core; Commercial truth: https://github.com/IgorGanapolsky/ThumbGate/blob/main/docs/COMMERCIAL_TRUTH.md; Verification evidence: https://github.com/IgorGanapolsky/ThumbGate/blob/main/docs/VERIFICATION_EVIDENCE.md,"Do not claim revenue, installs, or marketplace approval without direct command evidence.; Do not lead with proof links before the buyer confirms pain.; Keep public pricing and traction claims aligned with COMMERCIAL_TRUTH.md.; Keep proof and quality claims aligned with VERIFICATION_EVIDENCE.md.",Pro at $19/mo or $149/yr,"Target looks like a self-serve tooling surface, so Pro is the cleaner CTA unless a concrete workflow pain is confirmed.",Use proof pack only after the buyer confirms pain.,https://thumbgate.ai/guide,"Saw your `personal-life-os-core` project's focus on operator-guided agents and workflows. ThumbGate helps harden AI agent behavior and verify outputs, which you can leverage with our Pro plan at $19/mo.","If you want the self-serve path for `personal-life-os-core`, here is the live Pro checkout: https://thumbgate.ai/checkout/pro Commercial truth: https://github.com/IgorGanapolsky/ThumbGate/blob/main/docs/COMMERCIAL_TRUTH.md Verification evidence: https://github.com/IgorGanapolsky/ThumbGate/blob/main/docs/VERIFICATION_EVIDENCE.md","If you want the self-serve path for `personal-life-os-core`, start with the proof-backed setup guide: https://thumbgate.ai/guide If the install path looks right and you want the dashboard plus export-ready evidence, the live Pro checkout is https://thumbgate.ai/checkout/pro","If you are already comparing close options for `personal-life-os-core`, the primary path is Pro at $19/mo or $149/yr: https://thumbgate.ai/checkout/pro Self-serve Pro: https://thumbgate.ai/checkout/pro Commercial truth: https://github.com/IgorGanapolsky/ThumbGate/blob/main/docs/COMMERCIAL_TRUTH.md Verification evidence: https://github.com/IgorGanapolsky/ThumbGate/blob/main/docs/VERIFICATION_EVIDENCE.md",npm run sales:pipeline -- advance --lead 'github_bherald_personal_life_os_core' --channel 'manual' --stage 'contacted' --note 'Sent Pro at $19/mo or $149/yr self-serve first touch focused on the proof-backed setup guide and local-first enforcement before any team-motion pitch.',npm run sales:pipeline -- advance --lead 'github_bherald_personal_life_os_core' --channel 'manual' --stage 'replied' --note 'Buyer confirmed pain around the proof-backed setup guide and local-first enforcement before any team-motion pitch.',npm run sales:pipeline -- advance --lead 'github_bherald_personal_life_os_core' --channel 'manual' --stage 'call_booked' --note 'Booked a 15-minute diagnostic after the self-serve conversation exposed repeated pain around the proof-backed setup guide and local-first enforcement before any team-motion pitch.',npm run sales:pipeline -- advance --lead 'github_bherald_personal_life_os_core' --channel 'manual' --stage 'checkout_started' --note 'Buyer started the self-serve checkout after discussing the proof-backed setup guide and local-first enforcement before any team-motion pitch.',npm run sales:pipeline -- advance --lead 'github_bherald_personal_life_os_core' --channel 'manual' --stage 'sprint_intake' --note 'Buyer escalated from the self-serve lane into Workflow Hardening Sprint intake for the proof-backed setup guide and local-first enforcement before any team-motion pitch.',npm run sales:pipeline -- advance --lead 'github_bherald_personal_life_os_core' --channel 'manual' --stage 'paid' --note 'Closed Pro at $19/mo or $149/yr and booked revenue after resolving the proof-backed setup guide and local-first enforcement before any team-motion pitch.'
3,close_now_self_serve_pro,Close Now: Self-Serve Pro,cold,github,github,targeted,github_easingthemes_dx_aem_flow,easingthemes,easingthemes,@Netcentric,dx-aem-flow,https://github.com/easingthemes/dx-aem-flow,https://www.linkedin.com/in/draganfilipovic/,Website: https://www.linkedin.com/in/draganfilipovic/; GitHub profile: https://github.com/easingthemes; Repository: https://github.com/easingthemes/dx-aem-flow,,Send the first-touch draft and log the outreach in the sales pipeline.,14,workflow control surface; production or platform workflow; self-serve agent tooling; 6 GitHub stars; updated in the last 7 days,Target signal: https://github.com/easingthemes/dx-aem-flow; Commercial truth: https://github.com/IgorGanapolsky/ThumbGate/blob/main/docs/COMMERCIAL_TRUTH.md; Verification evidence: https://github.com/IgorGanapolsky/ThumbGate/blob/main/docs/VERIFICATION_EVIDENCE.md,"Do not claim revenue, installs, or marketplace approval without direct command evidence.; Do not lead with proof links before the buyer confirms pain.; Keep public pricing and traction claims aligned with COMMERCIAL_TRUTH.md.; Keep proof and quality claims aligned with VERIFICATION_EVIDENCE.md.",Pro at $19/mo or $149/yr,"Target looks like a local hook, plugin, or config surface, so start with the setup guide and Pro follow-on before pitching a sprint.",Use proof pack only after the buyer confirms pain.,https://thumbgate.ai/guide,"Your `dx-aem-flow` project, particularly autonomous CI agents, sounds like a strong fit for how ThumbGate hardens AI-agent workflows against drift. Our Pro subscription at $19/mo provides the tools to integrate and tune your existing agents.","If you want the self-serve path for `dx-aem-flow`, here is the live Pro checkout: https://thumbgate.ai/checkout/pro Commercial truth: https://github.com/IgorGanapolsky/ThumbGate/blob/main/docs/COMMERCIAL_TRUTH.md Verification evidence: https://github.com/IgorGanapolsky/ThumbGate/blob/main/docs/VERIFICATION_EVIDENCE.md","If you want the self-serve path for `dx-aem-flow`, start with the proof-backed setup guide: https://thumbgate.ai/guide If the install path looks right and you want the dashboard plus export-ready evidence, the live Pro checkout is https://thumbgate.ai/checkout/pro","If you are already comparing close options for `dx-aem-flow`, the primary path is Pro at $19/mo or $149/yr: https://thumbgate.ai/checkout/pro Self-serve Pro: https://thumbgate.ai/checkout/pro Commercial truth: https://github.com/IgorGanapolsky/ThumbGate/blob/main/docs/COMMERCIAL_TRUTH.md Verification evidence: https://github.com/IgorGanapolsky/ThumbGate/blob/main/docs/VERIFICATION_EVIDENCE.md",npm run sales:pipeline -- advance --lead 'github_easingthemes_dx_aem_flow' --channel 'manual' --stage 'contacted' --note 'Sent Pro at $19/mo or $149/yr self-serve first touch focused on the proof-backed setup guide and local-first enforcement before any team-motion pitch.',npm run sales:pipeline -- advance --lead 'github_easingthemes_dx_aem_flow' --channel 'manual' --stage 'replied' --note 'Buyer confirmed pain around the proof-backed setup guide and local-first enforcement before any team-motion pitch.',npm run sales:pipeline -- advance --lead 'github_easingthemes_dx_aem_flow' --channel 'manual' --stage 'call_booked' --note 'Booked a 15-minute diagnostic after the self-serve conversation exposed repeated pain around the proof-backed setup guide and local-first enforcement before any team-motion pitch.',npm run sales:pipeline -- advance --lead 'github_easingthemes_dx_aem_flow' --channel 'manual' --stage 'checkout_started' --note 'Buyer started the self-serve checkout after discussing the proof-backed setup guide and local-first enforcement before any team-motion pitch.',npm run sales:pipeline -- advance --lead 'github_easingthemes_dx_aem_flow' --channel 'manual' --stage 'sprint_intake' --note 'Buyer escalated from the self-serve lane into Workflow Hardening Sprint intake for the proof-backed setup guide and local-first enforcement before any team-motion pitch.',npm run sales:pipeline -- advance --lead 'github_easingthemes_dx_aem_flow' --channel 'manual' --stage 'paid' --note 'Closed Pro at $19/mo or $149/yr and booked revenue after resolving the proof-backed setup guide and local-first enforcement before any team-motion pitch.'
1,send_next_production_rollout,Send Next: Production Rollout,cold,github,github,targeted,github_montenegronyc_backporcher,montenegronyc,montenegronyc,Number Fortyeight Inc.,backporcher,https://github.com/montenegronyc/backporcher,https://numberfortyeight.co/,Website: https://numberfortyeight.co/; GitHub profile: https://github.com/montenegronyc; Repository: https://github.com/montenegronyc/backporcher,,Send the first-touch draft and log the outreach in the sales pipeline.,17,workflow control surface; production or platform workflow; business-system integration; agent infrastructure; 13 GitHub stars; updated in the last 7 days,Target signal: https://github.com/montenegronyc/backporcher; Commercial truth: https://github.com/IgorGanapolsky/ThumbGate/blob/main/docs/COMMERCIAL_TRUTH.md; Verification evidence: https://github.com/IgorGanapolsky/ThumbGate/blob/main/docs/VERIFICATION_EVIDENCE.md,"Do not claim revenue, installs, or marketplace approval without direct command evidence.; Do not lead with proof links before the buyer confirms pain.; Keep public pricing and traction claims aligned with COMMERCIAL_TRUTH.md.; Keep proof and quality claims aligned with VERIFICATION_EVIDENCE.md.",Workflow Hardening Sprint,"Lead with one business-system workflow that needs approval boundaries, rollback safety, and proof.",Use proof pack only after the buyer confirms pain.,https://thumbgate.ai/#workflow-sprint-intake,"Your `backporcher` system orchestrating Claude agents with review and auto-merge looks like a prime candidate for workflow hardening. As a founder, I will harden one of your AI-agent workflows with ThumbGate to establish approval boundaries and rollback safety.","If `backporcher` really has one repeated workflow failure blocking rollout, I can send the Workflow Hardening Sprint brief plus the commercial truth and verification evidence: https://thumbgate.ai/#workflow-sprint-intake Commercial truth: https://github.com/IgorGanapolsky/ThumbGate/blob/main/docs/COMMERCIAL_TRUTH.md Verification evidence: https://github.com/IgorGanapolsky/ThumbGate/blob/main/docs/VERIFICATION_EVIDENCE.md","If you want to inspect the self-serve path while you evaluate `backporcher`, start with the proof-backed setup guide: https://thumbgate.ai/guide If you decide the tool path is enough, the live Pro checkout is https://thumbgate.ai/checkout/pro. If the blocker needs hands-on workflow hardening, keep the sprint intake here: https://thumbgate.ai/#workflow-sprint-intake","If you are already comparing close options for `backporcher`, the primary path is Workflow Hardening Sprint: https://thumbgate.ai/#workflow-sprint-intake Self-serve Pro: https://thumbgate.ai/checkout/pro Commercial truth: https://github.com/IgorGanapolsky/ThumbGate/blob/main/docs/COMMERCIAL_TRUTH.md Verification evidence: https://github.com/IgorGanapolsky/ThumbGate/blob/main/docs/VERIFICATION_EVIDENCE.md","npm run sales:pipeline -- advance --lead 'github_montenegronyc_backporcher' --channel 'manual' --stage 'contacted' --note 'Sent Workflow Hardening Sprint first touch focused on one business-system workflow that needs approval boundaries, rollback safety, and proof.'","npm run sales:pipeline -- advance --lead 'github_montenegronyc_backporcher' --channel 'manual' --stage 'replied' --note 'Buyer confirmed pain around one business-system workflow that needs approval boundaries, rollback safety, and proof.'","npm run sales:pipeline -- advance --lead 'github_montenegronyc_backporcher' --channel 'manual' --stage 'call_booked' --note 'Booked a 15-minute workflow hardening diagnostic for one business-system workflow that needs approval boundaries, rollback safety, and proof.'","npm run sales:pipeline -- advance --lead 'github_montenegronyc_backporcher' --channel 'manual' --stage 'checkout_started' --note 'Buyer started the self-serve checkout after discussing one business-system workflow that needs approval boundaries, rollback safety, and proof.'","npm run sales:pipeline -- advance --lead 'github_montenegronyc_backporcher' --channel 'manual' --stage 'sprint_intake' --note 'Buyer moved into Workflow Hardening Sprint intake for one business-system workflow that needs approval boundaries, rollback safety, and proof.'","npm run sales:pipeline -- advance --lead 'github_montenegronyc_backporcher' --channel 'manual' --stage 'paid' --note 'Closed Workflow Hardening Sprint and booked revenue after resolving one business-system workflow that needs approval boundaries, rollback safety, and proof.'"
2,send_next_production_rollout,Send Next: Production Rollout,cold,github,github,targeted,github_adqui9608_ai_code_review_agent,Adqui9608,Adqui9608,,ai-code-review-agent,https://github.com/Adqui9608/ai-code-review-agent,https://github.com/Adqui9608,GitHub profile: https://github.com/Adqui9608; Repository: https://github.com/Adqui9608/ai-code-review-agent,,Send the first-touch draft and log the outreach in the sales pipeline.,15,workflow control surface; production or platform workflow; business-system integration; agent infrastructure; updated in the last 7 days,Target signal: https://github.com/Adqui9608/ai-code-review-agent; Commercial truth: https://github.com/IgorGanapolsky/ThumbGate/blob/main/docs/COMMERCIAL_TRUTH.md; Verification evidence: https://github.com/IgorGanapolsky/ThumbGate/blob/main/docs/VERIFICATION_EVIDENCE.md,"Do not claim revenue, installs, or marketplace approval without direct command evidence.; Do not lead with proof links before the buyer confirms pain.; Keep public pricing and traction claims aligned with COMMERCIAL_TRUTH.md.; Keep proof and quality claims aligned with VERIFICATION_EVIDENCE.md.",Workflow Hardening Sprint,"Lead with one business-system workflow that needs approval boundaries, rollback safety, and proof.",Use proof pack only after the buyer confirms pain.,https://thumbgate.ai/#workflow-sprint-intake,"Hey @Adqui9608, your `ai-code-review-agent` project looks like it's tackling critical ops where approvals and rollback safety are key. I'd like to harden one of your AI-agent workflows with our Workflow Hardening Sprint.","If `ai-code-review-agent` really has one repeated workflow failure blocking rollout, I can send the Workflow Hardening Sprint brief plus the commercial truth and verification evidence: https://thumbgate.ai/#workflow-sprint-intake Commercial truth: https://github.com/IgorGanapolsky/ThumbGate/blob/main/docs/COMMERCIAL_TRUTH.md Verification evidence: https://github.com/IgorGanapolsky/ThumbGate/blob/main/docs/VERIFICATION_EVIDENCE.md","If you want to inspect the self-serve path while you evaluate `ai-code-review-agent`, start with the proof-backed setup guide: https://thumbgate.ai/guide If you decide the tool path is enough, the live Pro checkout is https://thumbgate.ai/checkout/pro. If the blocker needs hands-on workflow hardening, keep the sprint intake here: https://thumbgate.ai/#workflow-sprint-intake","If you are already comparing close options for `ai-code-review-agent`, the primary path is Workflow Hardening Sprint: https://thumbgate.ai/#workflow-sprint-intake Self-serve Pro: https://thumbgate.ai/checkout/pro Commercial truth: https://github.com/IgorGanapolsky/ThumbGate/blob/main/docs/COMMERCIAL_TRUTH.md Verification evidence: https://github.com/IgorGanapolsky/ThumbGate/blob/main/docs/VERIFICATION_EVIDENCE.md","npm run sales:pipeline -- advance --lead 'github_adqui9608_ai_code_review_agent' --channel 'manual' --stage 'contacted' --note 'Sent Workflow Hardening Sprint first touch focused on one business-system workflow that needs approval boundaries, rollback safety, and proof.'","npm run sales:pipeline -- advance --lead 'github_adqui9608_ai_code_review_agent' --channel 'manual' --stage 'replied' --note 'Buyer confirmed pain around one business-system workflow that needs approval boundaries, rollback safety, and proof.'","npm run sales:pipeline -- advance --lead 'github_adqui9608_ai_code_review_agent' --channel 'manual' --stage 'call_booked' --note 'Booked a 15-minute workflow hardening diagnostic for one business-system workflow that needs approval boundaries, rollback safety, and proof.'","npm run sales:pipeline -- advance --lead 'github_adqui9608_ai_code_review_agent' --channel 'manual' --stage 'checkout_started' --note 'Buyer started the self-serve checkout after discussing one business-system workflow that needs approval boundaries, rollback safety, and proof.'","npm run sales:pipeline -- advance --lead 'github_adqui9608_ai_code_review_agent' --channel 'manual' --stage 'sprint_intake' --note 'Buyer moved into Workflow Hardening Sprint intake for one business-system workflow that needs approval boundaries, rollback safety, and proof.'","npm run sales:pipeline -- advance --lead 'github_adqui9608_ai_code_review_agent' --channel 'manual' --stage 'paid' --note 'Closed Workflow Hardening Sprint and booked revenue after resolving one business-system workflow that needs approval boundaries, rollback safety, and proof.'"
3,send_next_production_rollout,Send Next: Production Rollout,cold,github,github,targeted,github_kamaldhingra_ai_agents_qa_automation,kamaldhingra,kamaldhingra,,AI-Agents-QA-Automation,https://github.com/kamaldhingra/AI-Agents-QA-Automation,https://github.com/kamaldhingra,GitHub profile: https://github.com/kamaldhingra; Repository: https://github.com/kamaldhingra/AI-Agents-QA-Automation,,Send the first-touch draft and log the outreach in the sales pipeline.,15,workflow control surface; production or platform workflow; business-system integration; agent infrastructure; updated in the last 7 days,Target signal: https://github.com/kamaldhingra/AI-Agents-QA-Automation; Commercial truth: https://github.com/IgorGanapolsky/ThumbGate/blob/main/docs/COMMERCIAL_TRUTH.md; Verification evidence: https://github.com/IgorGanapolsky/ThumbGate/blob/main/docs/VERIFICATION_EVIDENCE.md,"Do not claim revenue, installs, or marketplace approval without direct command evidence.; Do not lead with proof links before the buyer confirms pain.; Keep public pricing and traction claims aligned with COMMERCIAL_TRUTH.md.; Keep proof and quality claims aligned with VERIFICATION_EVIDENCE.md.",Workflow Hardening Sprint,"Lead with one business-system workflow that needs approval boundaries, rollback safety, and proof.",Use proof pack only after the buyer confirms pain.,https://thumbgate.ai/#workflow-sprint-intake,"Kamal, your AI-Agents-QA-Automation pipeline's multi-agent orchestration sounds like a critical system ready for hardening. I'm offering a Workflow Hardening Sprint using ThumbGate, where I'll harden one AI-agent workflow for you with approval boundaries and rollback safety.","If `AI-Agents-QA-Automation` really has one repeated workflow failure blocking rollout, I can send the Workflow Hardening Sprint brief plus the commercial truth and verification evidence: https://thumbgate.ai/#workflow-sprint-intake Commercial truth: https://github.com/IgorGanapolsky/ThumbGate/blob/main/docs/COMMERCIAL_TRUTH.md Verification evidence: https://github.com/IgorGanapolsky/ThumbGate/blob/main/docs/VERIFICATION_EVIDENCE.md","If you want to inspect the self-serve path while you evaluate `AI-Agents-QA-Automation`, start with the proof-backed setup guide: https://thumbgate.ai/guide If you decide the tool path is enough, the live Pro checkout is https://thumbgate.ai/checkout/pro. If the blocker needs hands-on workflow hardening, keep the sprint intake here: https://thumbgate.ai/#workflow-sprint-intake","If you are already comparing close options for `AI-Agents-QA-Automation`, the primary path is Workflow Hardening Sprint: https://thumbgate.ai/#workflow-sprint-intake Self-serve Pro: https://thumbgate.ai/checkout/pro Commercial truth: https://github.com/IgorGanapolsky/ThumbGate/blob/main/docs/COMMERCIAL_TRUTH.md Verification evidence: https://github.com/IgorGanapolsky/ThumbGate/blob/main/docs/VERIFICATION_EVIDENCE.md","npm run sales:pipeline -- advance --lead 'github_kamaldhingra_ai_agents_qa_automation' --channel 'manual' --stage 'contacted' --note 'Sent Workflow Hardening Sprint first touch focused on one business-system workflow that needs approval boundaries, rollback safety, and proof.'","npm run sales:pipeline -- advance --lead 'github_kamaldhingra_ai_agents_qa_automation' --channel 'manual' --stage 'replied' --note 'Buyer confirmed pain around one business-system workflow that needs approval boundaries, rollback safety, and proof.'","npm run sales:pipeline -- advance --lead 'github_kamaldhingra_ai_agents_qa_automation' --channel 'manual' --stage 'call_booked' --note 'Booked a 15-minute workflow hardening diagnostic for one business-system workflow that needs approval boundaries, rollback safety, and proof.'","npm run sales:pipeline -- advance --lead 'github_kamaldhingra_ai_agents_qa_automation' --channel 'manual' --stage 'checkout_started' --note 'Buyer started the self-serve checkout after discussing one business-system workflow that needs approval boundaries, rollback safety, and proof.'","npm run sales:pipeline -- advance --lead 'github_kamaldhingra_ai_agents_qa_automation' --channel 'manual' --stage 'sprint_intake' --note 'Buyer moved into Workflow Hardening Sprint intake for one business-system workflow that needs approval boundaries, rollback safety, and proof.'","npm run sales:pipeline -- advance --lead 'github_kamaldhingra_ai_agents_qa_automation' --channel 'manual' --stage 'paid' --note 'Closed Workflow Hardening Sprint and booked revenue after resolving one business-system workflow that needs approval boundaries, rollback safety, and proof.'"
4,send_next_production_rollout,Send Next: Production Rollout,cold,github,github,targeted,github_abhi268170_stagix,Abhi268170,Abhi268170,,Stagix,https://github.com/Abhi268170/Stagix,https://github.com/Abhi268170,GitHub profile: https://github.com/Abhi268170; Repository: https://github.com/Abhi268170/Stagix,,Send the first-touch draft and log the outreach in the sales pipeline.,15,workflow control surface; production or platform workflow; business-system integration; agent infrastructure; self-serve agent tooling,Target signal: https://github.com/Abhi268170/Stagix; Commercial truth: https://github.com/IgorGanapolsky/ThumbGate/blob/main/docs/COMMERCIAL_TRUTH.md; Verification evidence: https://github.com/IgorGanapolsky/ThumbGate/blob/main/docs/VERIFICATION_EVIDENCE.md,"Do not claim revenue, installs, or marketplace approval without direct command evidence.; Do not lead with proof links before the buyer confirms pain.; Keep public pricing and traction claims aligned with COMMERCIAL_TRUTH.md.; Keep proof and quality claims aligned with VERIFICATION_EVIDENCE.md.",Workflow Hardening Sprint,"Lead with one business-system workflow that needs approval boundaries, rollback safety, and proof.",Use proof pack only after the buyer confirms pain.,https://thumbgate.ai/#workflow-sprint-intake,"Hey @Abhi268170, given Stagix's sophisticated 14-agent AI workflows and human approval gates, I'd like to offer a Workflow Hardening Sprint. I will harden one of your AI-agent workflows to ensure robust approval boundaries and rollback safety.","If `Stagix` really has one repeated workflow failure blocking rollout, I can send the Workflow Hardening Sprint brief plus the commercial truth and verification evidence: https://thumbgate.ai/#workflow-sprint-intake Commercial truth: https://github.com/IgorGanapolsky/ThumbGate/blob/main/docs/COMMERCIAL_TRUTH.md Verification evidence: https://github.com/IgorGanapolsky/ThumbGate/blob/main/docs/VERIFICATION_EVIDENCE.md","If you want to inspect the self-serve path while you evaluate `Stagix`, start with the proof-backed setup guide: https://thumbgate.ai/guide If you decide the tool path is enough, the live Pro checkout is https://thumbgate.ai/checkout/pro. If the blocker needs hands-on workflow hardening, keep the sprint intake here: https://thumbgate.ai/#workflow-sprint-intake","If you are already comparing close options for `Stagix`, the primary path is Workflow Hardening Sprint: https://thumbgate.ai/#workflow-sprint-intake Self-serve Pro: https://thumbgate.ai/checkout/pro Commercial truth: https://github.com/IgorGanapolsky/ThumbGate/blob/main/docs/COMMERCIAL_TRUTH.md Verification evidence: https://github.com/IgorGanapolsky/ThumbGate/blob/main/docs/VERIFICATION_EVIDENCE.md","npm run sales:pipeline -- advance --lead 'github_abhi268170_stagix' --channel 'manual' --stage 'contacted' --note 'Sent Workflow Hardening Sprint first touch focused on one business-system workflow that needs approval boundaries, rollback safety, and proof.'","npm run sales:pipeline -- advance --lead 'github_abhi268170_stagix' --channel 'manual' --stage 'replied' --note 'Buyer confirmed pain around one business-system workflow that needs approval boundaries, rollback safety, and proof.'","npm run sales:pipeline -- advance --lead 'github_abhi268170_stagix' --channel 'manual' --stage 'call_booked' --note 'Booked a 15-minute workflow hardening diagnostic for one business-system workflow that needs approval boundaries, rollback safety, and proof.'","npm run sales:pipeline -- advance --lead 'github_abhi268170_stagix' --channel 'manual' --stage 'checkout_started' --note 'Buyer started the self-serve checkout after discussing one business-system workflow that needs approval boundaries, rollback safety, and proof.'","npm run sales:pipeline -- advance --lead 'github_abhi268170_stagix' --channel 'manual' --stage 'sprint_intake' --note 'Buyer moved into Workflow Hardening Sprint intake for one business-system workflow that needs approval boundaries, rollback safety, and proof.'","npm run sales:pipeline -- advance --lead 'github_abhi268170_stagix' --channel 'manual' --stage 'paid' --note 'Closed Workflow Hardening Sprint and booked revenue after resolving one business-system workflow that needs approval boundaries, rollback safety, and proof.'"
5,send_next_production_rollout,Send Next: Production Rollout,cold,github,github,targeted,github_dolutech_engine_context,dolutech,dolutech,@dolutech,engine_context,https://github.com/dolutech/engine_context,https://dolutech.com/,Website: https://dolutech.com/; GitHub profile: https://github.com/dolutech; Repository: https://github.com/dolutech/engine_context,,Send the first-touch draft and log the outreach in the sales pipeline.,15,workflow control surface; production or platform workflow; business-system integration; agent infrastructure; 8 GitHub stars,Target signal: https://github.com/dolutech/engine_context; Commercial truth: https://github.com/IgorGanapolsky/ThumbGate/blob/main/docs/COMMERCIAL_TRUTH.md; Verification evidence: https://github.com/IgorGanapolsky/ThumbGate/blob/main/docs/VERIFICATION_EVIDENCE.md,"Do not claim revenue, installs, or marketplace approval without direct command evidence.; Do not lead with proof links before the buyer confirms pain.; Keep public pricing and traction claims aligned with COMMERCIAL_TRUTH.md.; Keep proof and quality claims aligned with VERIFICATION_EVIDENCE.md.",Workflow Hardening Sprint,"Lead with one business-system workflow that needs approval boundaries, rollback safety, and proof.",Use proof pack only after the buyer confirms pain.,https://thumbgate.ai/#workflow-sprint-intake,"Hey @dolutech, your `engine_context` project's focus on approval-driven workflows for AI agents immediately caught my eye. I'd like to offer a Workflow Hardening Sprint where I will harden one of those AI-agent workflows for you.","If `engine_context` really has one repeated workflow failure blocking rollout, I can send the Workflow Hardening Sprint brief plus the commercial truth and verification evidence: https://thumbgate.ai/#workflow-sprint-intake Commercial truth: https://github.com/IgorGanapolsky/ThumbGate/blob/main/docs/COMMERCIAL_TRUTH.md Verification evidence: https://github.com/IgorGanapolsky/ThumbGate/blob/main/docs/VERIFICATION_EVIDENCE.md","If you want to inspect the self-serve path while you evaluate `engine_context`, start with the proof-backed setup guide: https://thumbgate.ai/guide If you decide the tool path is enough, the live Pro checkout is https://thumbgate.ai/checkout/pro. If the blocker needs hands-on workflow hardening, keep the sprint intake here: https://thumbgate.ai/#workflow-sprint-intake","If you are already comparing close options for `engine_context`, the primary path is Workflow Hardening Sprint: https://thumbgate.ai/#workflow-sprint-intake Self-serve Pro: https://thumbgate.ai/checkout/pro Commercial truth: https://github.com/IgorGanapolsky/ThumbGate/blob/main/docs/COMMERCIAL_TRUTH.md Verification evidence: https://github.com/IgorGanapolsky/ThumbGate/blob/main/docs/VERIFICATION_EVIDENCE.md","npm run sales:pipeline -- advance --lead 'github_dolutech_engine_context' --channel 'manual' --stage 'contacted' --note 'Sent Workflow Hardening Sprint first touch focused on one business-system workflow that needs approval boundaries, rollback safety, and proof.'","npm run sales:pipeline -- advance --lead 'github_dolutech_engine_context' --channel 'manual' --stage 'replied' --note 'Buyer confirmed pain around one business-system workflow that needs approval boundaries, rollback safety, and proof.'","npm run sales:pipeline -- advance --lead 'github_dolutech_engine_context' --channel 'manual' --stage 'call_booked' --note 'Booked a 15-minute workflow hardening diagnostic for one business-system workflow that needs approval boundaries, rollback safety, and proof.'","npm run sales:pipeline -- advance --lead 'github_dolutech_engine_context' --channel 'manual' --stage 'checkout_started' --note 'Buyer started the self-serve checkout after discussing one business-system workflow that needs approval boundaries, rollback safety, and proof.'","npm run sales:pipeline -- advance --lead 'github_dolutech_engine_context' --channel 'manual' --stage 'sprint_intake' --note 'Buyer moved into Workflow Hardening Sprint intake for one business-system workflow that needs approval boundaries, rollback safety, and proof.'","npm run sales:pipeline -- advance --lead 'github_dolutech_engine_context' --channel 'manual' --stage 'paid' --note 'Closed Workflow Hardening Sprint and booked revenue after resolving one business-system workflow that needs approval boundaries, rollback safety, and proof.'"
6,send_next_production_rollout,Send Next: Production Rollout,cold,github,github,targeted,github_borghei_claude_skills,borghei,borghei,Reviv Italy,Claude-Skills,https://github.com/borghei/Claude-Skills,https://borghei.me/,Website: https://borghei.me/; GitHub profile: https://github.com/borghei; Repository: https://github.com/borghei/Claude-Skills,,Send the first-touch draft and log the outreach in the sales pipeline.,14,production or platform workflow; agent infrastructure; self-serve agent tooling; 106 GitHub stars; updated in the last 7 days,Target signal: https://github.com/borghei/Claude-Skills; Commercial truth: https://github.com/IgorGanapolsky/ThumbGate/blob/main/docs/COMMERCIAL_TRUTH.md; Verification evidence: https://github.com/IgorGanapolsky/ThumbGate/blob/main/docs/VERIFICATION_EVIDENCE.md,"Do not claim revenue, installs, or marketplace approval without direct command evidence.; Do not lead with proof links before the buyer confirms pain.; Keep public pricing and traction claims aligned with COMMERCIAL_TRUTH.md.; Keep proof and quality claims aligned with VERIFICATION_EVIDENCE.md.",Workflow Hardening Sprint,Lead with rollout proof for one production workflow that cannot afford repeated agent mistakes.,Use proof pack only after the buyer confirms pain.,https://thumbgate.ai/#workflow-sprint-intake,"Hey @borghei, given the depth of your Claude-Skills project, I'd like to harden one of your critical AI-agent workflows to eliminate repeated mistakes for production rollout. I will take on one workflow and ensure its output reliability.","If `Claude-Skills` really has one repeated workflow failure blocking rollout, I can send the Workflow Hardening Sprint brief plus the commercial truth and verification evidence: https://thumbgate.ai/#workflow-sprint-intake Commercial truth: https://github.com/IgorGanapolsky/ThumbGate/blob/main/docs/COMMERCIAL_TRUTH.md Verification evidence: https://github.com/IgorGanapolsky/ThumbGate/blob/main/docs/VERIFICATION_EVIDENCE.md","If you want to inspect the self-serve path while you evaluate `Claude-Skills`, start with the proof-backed setup guide: https://thumbgate.ai/guide If you decide the tool path is enough, the live Pro checkout is https://thumbgate.ai/checkout/pro. If the blocker needs hands-on workflow hardening, keep the sprint intake here: https://thumbgate.ai/#workflow-sprint-intake","If you are already comparing close options for `Claude-Skills`, the primary path is Workflow Hardening Sprint: https://thumbgate.ai/#workflow-sprint-intake Self-serve Pro: https://thumbgate.ai/checkout/pro Commercial truth: https://github.com/IgorGanapolsky/ThumbGate/blob/main/docs/COMMERCIAL_TRUTH.md Verification evidence: https://github.com/IgorGanapolsky/ThumbGate/blob/main/docs/VERIFICATION_EVIDENCE.md",npm run sales:pipeline -- advance --lead 'github_borghei_claude_skills' --channel 'manual' --stage 'contacted' --note 'Sent Workflow Hardening Sprint first touch focused on rollout proof for one production workflow that cannot afford repeated agent mistakes.',npm run sales:pipeline -- advance --lead 'github_borghei_claude_skills' --channel 'manual' --stage 'replied' --note 'Buyer confirmed pain around rollout proof for one production workflow that cannot afford repeated agent mistakes.',npm run sales:pipeline -- advance --lead 'github_borghei_claude_skills' --channel 'manual' --stage 'call_booked' --note 'Booked a 15-minute workflow hardening diagnostic for rollout proof for one production workflow that cannot afford repeated agent mistakes.',npm run sales:pipeline -- advance --lead 'github_borghei_claude_skills' --channel 'manual' --stage 'checkout_started' --note 'Buyer started the self-serve checkout after discussing rollout proof for one production workflow that cannot afford repeated agent mistakes.',npm run sales:pipeline -- advance --lead 'github_borghei_claude_skills' --channel 'manual' --stage 'sprint_intake' --note 'Buyer moved into Workflow Hardening Sprint intake for rollout proof for one production workflow that cannot afford repeated agent mistakes.',npm run sales:pipeline -- advance --lead 'github_borghei_claude_skills' --channel 'manual' --stage 'paid' --note 'Closed Workflow Hardening Sprint and booked revenue after resolving rollout proof for one production workflow that cannot afford repeated agent mistakes.'
7,send_next_production_rollout,Send Next: Production Rollout,cold,github,github,targeted,github_nihannihu_omni_sre,nihannihu,nihannihu,@Omni-IDE,Omni-SRE,https://github.com/nihannihu/Omni-SRE,https://github.com/nihannihu,GitHub profile: https://github.com/nihannihu; Repository: https://github.com/nihannihu/Omni-SRE,,Send the first-touch draft and log the outreach in the sales pipeline.,14,workflow control surface; production or platform workflow; business-system integration; agent infrastructure; updated in the last 30 days,Target signal: https://github.com/nihannihu/Omni-SRE; Commercial truth: https://github.com/IgorGanapolsky/ThumbGate/blob/main/docs/COMMERCIAL_TRUTH.md; Verification evidence: https://github.com/IgorGanapolsky/ThumbGate/blob/main/docs/VERIFICATION_EVIDENCE.md,"Do not claim revenue, installs, or marketplace approval without direct command evidence.; Do not lead with proof links before the buyer confirms pain.; Keep public pricing and traction claims aligned with COMMERCIAL_TRUTH.md.; Keep proof and quality claims aligned with VERIFICATION_EVIDENCE.md.",Workflow Hardening Sprint,"Lead with one business-system workflow that needs approval boundaries, rollback safety, and proof.",Use proof pack only after the buyer confirms pain.,https://thumbgate.ai/#workflow-sprint-intake,"Hey @nihannihu, your Omni-SRE project caught my eye – especially the real-time GitHub Webhook sync for security. I will harden one AI-agent workflow for you, specifically focusing on approval boundaries and rollback safety during a Workflow Hardening Sprint.","If `Omni-SRE` really has one repeated workflow failure blocking rollout, I can send the Workflow Hardening Sprint brief plus the commercial truth and verification evidence: https://thumbgate.ai/#workflow-sprint-intake Commercial truth: https://github.com/IgorGanapolsky/ThumbGate/blob/main/docs/COMMERCIAL_TRUTH.md Verification evidence: https://github.com/IgorGanapolsky/ThumbGate/blob/main/docs/VERIFICATION_EVIDENCE.md","If you want to inspect the self-serve path while you evaluate `Omni-SRE`, start with the proof-backed setup guide: https://thumbgate.ai/guide If you decide the tool path is enough, the live Pro checkout is https://thumbgate.ai/checkout/pro. If the blocker needs hands-on workflow hardening, keep the sprint intake here: https://thumbgate.ai/#workflow-sprint-intake","If you are already comparing close options for `Omni-SRE`, the primary path is Workflow Hardening Sprint: https://thumbgate.ai/#workflow-sprint-intake Self-serve Pro: https://thumbgate.ai/checkout/pro Commercial truth: https://github.com/IgorGanapolsky/ThumbGate/blob/main/docs/COMMERCIAL_TRUTH.md Verification evidence: https://github.com/IgorGanapolsky/ThumbGate/blob/main/docs/VERIFICATION_EVIDENCE.md","npm run sales:pipeline -- advance --lead 'github_nihannihu_omni_sre' --channel 'manual' --stage 'contacted' --note 'Sent Workflow Hardening Sprint first touch focused on one business-system workflow that needs approval boundaries, rollback safety, and proof.'","npm run sales:pipeline -- advance --lead 'github_nihannihu_omni_sre' --channel 'manual' --stage 'replied' --note 'Buyer confirmed pain around one business-system workflow that needs approval boundaries, rollback safety, and proof.'","npm run sales:pipeline -- advance --lead 'github_nihannihu_omni_sre' --channel 'manual' --stage 'call_booked' --note 'Booked a 15-minute workflow hardening diagnostic for one business-system workflow that needs approval boundaries, rollback safety, and proof.'","npm run sales:pipeline -- advance --lead 'github_nihannihu_omni_sre' --channel 'manual' --stage 'checkout_started' --note 'Buyer started the self-serve checkout after discussing one business-system workflow that needs approval boundaries, rollback safety, and proof.'","npm run sales:pipeline -- advance --lead 'github_nihannihu_omni_sre' --channel 'manual' --stage 'sprint_intake' --note 'Buyer moved into Workflow Hardening Sprint intake for one business-system workflow that needs approval boundaries, rollback safety, and proof.'","npm run sales:pipeline -- advance --lead 'github_nihannihu_omni_sre' --channel 'manual' --stage 'paid' --note 'Closed Workflow Hardening Sprint and booked revenue after resolving one business-system workflow that needs approval boundaries, rollback safety, and proof.'"
1,seed_next_cold_github,Seed Next: Cold GitHub,cold,github,github,targeted,github_freema_mcp_jira_stdio,freema,freema,,mcp-jira-stdio,https://github.com/freema/mcp-jira-stdio,http://www.tomasgrasl.cz/,Website: http://www.tomasgrasl.cz/; GitHub profile: https://github.com/freema; Repository: https://github.com/freema/mcp-jira-stdio,,Send the first-touch draft and log the outreach in the sales pipeline.,13,workflow control surface; business-system integration; agent infrastructure; 12 GitHub stars; updated in the last 7 days,Target signal: https://github.com/freema/mcp-jira-stdio; Commercial truth: https://github.com/IgorGanapolsky/ThumbGate/blob/main/docs/COMMERCIAL_TRUTH.md; Verification evidence: https://github.com/IgorGanapolsky/ThumbGate/blob/main/docs/VERIFICATION_EVIDENCE.md,"Do not claim revenue, installs, or marketplace approval without direct command evidence.; Do not lead with proof links before the buyer confirms pain.; Keep public pricing and traction claims aligned with COMMERCIAL_TRUTH.md.; Keep proof and quality claims aligned with VERIFICATION_EVIDENCE.md.",Workflow Hardening Sprint,"Lead with one business-system workflow that needs approval boundaries, rollback safety, and proof.",Use proof pack only after the buyer confirms pain.,https://thumbgate.ai/#workflow-sprint-intake,"Hey @freema, seeing your `mcp-jira-stdio` work with Model Context Protocol workflows, I'd like to offer to harden one AI-agent workflow for you. This would establish the approval boundaries and rollback safety critical for business system integrity.","If `mcp-jira-stdio` really has one repeated workflow failure blocking rollout, I can send the Workflow Hardening Sprint brief plus the commercial truth and verification evidence: https://thumbgate.ai/#workflow-sprint-intake Commercial truth: https://github.com/IgorGanapolsky/ThumbGate/blob/main/docs/COMMERCIAL_TRUTH.md Verification evidence: https://github.com/IgorGanapolsky/ThumbGate/blob/main/docs/VERIFICATION_EVIDENCE.md","If you want to inspect the self-serve path while you evaluate `mcp-jira-stdio`, start with the proof-backed setup guide: https://thumbgate.ai/guide If you decide the tool path is enough, the live Pro checkout is https://thumbgate.ai/checkout/pro. If the blocker needs hands-on workflow hardening, keep the sprint intake here: https://thumbgate.ai/#workflow-sprint-intake","If you are already comparing close options for `mcp-jira-stdio`, the primary path is Workflow Hardening Sprint: https://thumbgate.ai/#workflow-sprint-intake Self-serve Pro: https://thumbgate.ai/checkout/pro Commercial truth: https://github.com/IgorGanapolsky/ThumbGate/blob/main/docs/COMMERCIAL_TRUTH.md Verification evidence: https://github.com/IgorGanapolsky/ThumbGate/blob/main/docs/VERIFICATION_EVIDENCE.md","npm run sales:pipeline -- advance --lead 'github_freema_mcp_jira_stdio' --channel 'manual' --stage 'contacted' --note 'Sent Workflow Hardening Sprint first touch focused on one business-system workflow that needs approval boundaries, rollback safety, and proof.'","npm run sales:pipeline -- advance --lead 'github_freema_mcp_jira_stdio' --channel 'manual' --stage 'replied' --note 'Buyer confirmed pain around one business-system workflow that needs approval boundaries, rollback safety, and proof.'","npm run sales:pipeline -- advance --lead 'github_freema_mcp_jira_stdio' --channel 'manual' --stage 'call_booked' --note 'Booked a 15-minute workflow hardening diagnostic for one business-system workflow that needs approval boundaries, rollback safety, and proof.'","npm run sales:pipeline -- advance --lead 'github_freema_mcp_jira_stdio' --channel 'manual' --stage 'checkout_started' --note 'Buyer started the self-serve checkout after discussing one business-system workflow that needs approval boundaries, rollback safety, and proof.'","npm run sales:pipeline -- advance --lead 'github_freema_mcp_jira_stdio' --channel 'manual' --stage 'sprint_intake' --note 'Buyer moved into Workflow Hardening Sprint intake for one business-system workflow that needs approval boundaries, rollback safety, and proof.'","npm run sales:pipeline -- advance --lead 'github_freema_mcp_jira_stdio' --channel 'manual' --stage 'paid' --note 'Closed Workflow Hardening Sprint and booked revenue after resolving one business-system workflow that needs approval boundaries, rollback safety, and proof.'"
2,seed_next_cold_github,Seed Next: Cold GitHub,cold,github,github,targeted,github_dgouron_review_flow,DGouron,DGouron,Mentor Goal,review-flow,https://github.com/DGouron/review-flow,https://dgouron.fr/,Website: https://dgouron.fr/; GitHub profile: https://github.com/DGouron; Repository: https://github.com/DGouron/review-flow,,Send the first-touch draft and log the outreach in the sales pipeline.,13,workflow control surface; business-system integration; agent infrastructure; 36 GitHub stars; updated in the last 30 days,Target signal: https://github.com/DGouron/review-flow; Commercial truth: https://github.com/IgorGanapolsky/ThumbGate/blob/main/docs/COMMERCIAL_TRUTH.md; Verification evidence: https://github.com/IgorGanapolsky/ThumbGate/blob/main/docs/VERIFICATION_EVIDENCE.md,"Do not claim revenue, installs, or marketplace approval without direct command evidence.; Do not lead with proof links before the buyer confirms pain.; Keep public pricing and traction claims aligned with COMMERCIAL_TRUTH.md.; Keep proof and quality claims aligned with VERIFICATION_EVIDENCE.md.",Workflow Hardening Sprint,"Lead with one business-system workflow that needs approval boundaries, rollback safety, and proof.",Use proof pack only after the buyer confirms pain.,https://thumbgate.ai/#workflow-sprint-intake,"Hey @DGouron, your `review-flow` project's multi-agent audits are exactly where ThumbGate hardens AI-agent workflows for provable execution. I will harden one AI-agent workflow for you to embed approval boundaries and rollback safety.","If `review-flow` really has one repeated workflow failure blocking rollout, I can send the Workflow Hardening Sprint brief plus the commercial truth and verification evidence: https://thumbgate.ai/#workflow-sprint-intake Commercial truth: https://github.com/IgorGanapolsky/ThumbGate/blob/main/docs/COMMERCIAL_TRUTH.md Verification evidence: https://github.com/IgorGanapolsky/ThumbGate/blob/main/docs/VERIFICATION_EVIDENCE.md","If you want to inspect the self-serve path while you evaluate `review-flow`, start with the proof-backed setup guide: https://thumbgate.ai/guide If you decide the tool path is enough, the live Pro checkout is https://thumbgate.ai/checkout/pro. If the blocker needs hands-on workflow hardening, keep the sprint intake here: https://thumbgate.ai/#workflow-sprint-intake","If you are already comparing close options for `review-flow`, the primary path is Workflow Hardening Sprint: https://thumbgate.ai/#workflow-sprint-intake Self-serve Pro: https://thumbgate.ai/checkout/pro Commercial truth: https://github.com/IgorGanapolsky/ThumbGate/blob/main/docs/COMMERCIAL_TRUTH.md Verification evidence: https://github.com/IgorGanapolsky/ThumbGate/blob/main/docs/VERIFICATION_EVIDENCE.md","npm run sales:pipeline -- advance --lead 'github_dgouron_review_flow' --channel 'manual' --stage 'contacted' --note 'Sent Workflow Hardening Sprint first touch focused on one business-system workflow that needs approval boundaries, rollback safety, and proof.'","npm run sales:pipeline -- advance --lead 'github_dgouron_review_flow' --channel 'manual' --stage 'replied' --note 'Buyer confirmed pain around one business-system workflow that needs approval boundaries, rollback safety, and proof.'","npm run sales:pipeline -- advance --lead 'github_dgouron_review_flow' --channel 'manual' --stage 'call_booked' --note 'Booked a 15-minute workflow hardening diagnostic for one business-system workflow that needs approval boundaries, rollback safety, and proof.'","npm run sales:pipeline -- advance --lead 'github_dgouron_review_flow' --channel 'manual' --stage 'checkout_started' --note 'Buyer started the self-serve checkout after discussing one business-system workflow that needs approval boundaries, rollback safety, and proof.'","npm run sales:pipeline -- advance --lead 'github_dgouron_review_flow' --channel 'manual' --stage 'sprint_intake' --note 'Buyer moved into Workflow Hardening Sprint intake for one business-system workflow that needs approval boundaries, rollback safety, and proof.'","npm run sales:pipeline -- advance --lead 'github_dgouron_review_flow' --channel 'manual' --stage 'paid' --note 'Closed Workflow Hardening Sprint and booked revenue after resolving one business-system workflow that needs approval boundaries, rollback safety, and proof.'"
