temperature,source,channel,username,accountName,company,contactUrl,contactSurfaces,repoName,repoUrl,updatedAt,offer,pipelineStage,evidenceScore,evidence,evidenceSource,evidenceLinks,claimGuardrails,outreachAngle,motionLabel,motionReason,proofPackTrigger,cta,firstTouchDraft,painConfirmedFollowUpDraft,selfServeFollowUpDraft,checkoutCloseDraft
warm,reddit,reddit_dm,Deep_Ad1959,r/cursor,,https://www.reddit.com/user/Deep_Ad1959/,n/a,,,,workflow_hardening_sprint,targeted,10,warm inbound engagement; workflow pain named: rollback risk; already in DMs,,Target signal: https://www.reddit.com/user/Deep_Ad1959/; Commercial truth: https://github.com/IgorGanapolsky/ThumbGate/blob/main/docs/COMMERCIAL_TRUTH.md; Verification evidence: https://github.com/IgorGanapolsky/ThumbGate/blob/main/docs/VERIFICATION_EVIDENCE.md,"Do not claim revenue, installs, or marketplace approval without direct command evidence.; Do not lead with proof links before the buyer confirms pain.; Keep public pricing and traction claims aligned with COMMERCIAL_TRUTH.md.; Keep proof and quality claims aligned with VERIFICATION_EVIDENCE.md.",Lead with rollback safety and context-drift hardening for one workflow before any generic tool pitch.,Workflow Hardening Sprint,"Warm Reddit engager already named a repeated workflow risk, so the fastest path is a founder-led diagnostic.",Use proof pack only after the buyer confirms pain.,https://thumbgate-production.up.railway.app/#workflow-sprint-intake,"Your question about rollback rates when context changes is exactly the right one. I am looking for one AI-agent workflow to harden end-to-end this week: repeated failure, prevention rule, and proof run. If you have one workflow where context drift or rollback risk keeps showing up, I can harden that workflow for you. Worth a 15-minute diagnostic?","If your workflow really has one repeated workflow failure blocking rollout, I can send the Workflow Hardening Sprint brief plus the commercial truth and verification evidence: https://thumbgate-production.up.railway.app/#workflow-sprint-intake Commercial truth: https://github.com/IgorGanapolsky/ThumbGate/blob/main/docs/COMMERCIAL_TRUTH.md Verification evidence: https://github.com/IgorGanapolsky/ThumbGate/blob/main/docs/VERIFICATION_EVIDENCE.md","If you want to inspect the self-serve path while you evaluate your workflow, start with the proof-backed setup guide: https://thumbgate-production.up.railway.app/guide If you decide the tool path is enough, the live Pro checkout is https://thumbgate-production.up.railway.app/checkout/pro. If the blocker needs hands-on workflow hardening, keep the sprint intake here: https://thumbgate-production.up.railway.app/#workflow-sprint-intake","If you are already comparing close options for your workflow, the primary path is Workflow Hardening Sprint: https://thumbgate-production.up.railway.app/#workflow-sprint-intake Self-serve Pro: https://thumbgate-production.up.railway.app/checkout/pro Commercial truth: https://github.com/IgorGanapolsky/ThumbGate/blob/main/docs/COMMERCIAL_TRUTH.md Verification evidence: https://github.com/IgorGanapolsky/ThumbGate/blob/main/docs/VERIFICATION_EVIDENCE.md"
warm,reddit,reddit_dm,game-of-kton,r/cursor,,https://www.reddit.com/user/game-of-kton/,n/a,,,,workflow_hardening_sprint,targeted,9,warm inbound engagement; built serious memory systems; workflow pain named: stale context and conflicting facts,,Target signal: https://www.reddit.com/user/game-of-kton/; Commercial truth: https://github.com/IgorGanapolsky/ThumbGate/blob/main/docs/COMMERCIAL_TRUTH.md; Verification evidence: https://github.com/IgorGanapolsky/ThumbGate/blob/main/docs/VERIFICATION_EVIDENCE.md,"Do not claim revenue, installs, or marketplace approval without direct command evidence.; Do not lead with proof links before the buyer confirms pain.; Keep public pricing and traction claims aligned with COMMERCIAL_TRUTH.md.; Keep proof and quality claims aligned with VERIFICATION_EVIDENCE.md.",Lead with one recurring memory or handoff failure that can be turned into an enforceable prevention rule.,Workflow Hardening Sprint,"Warm Reddit engager already works on advanced agent memory, so discovery should center on one repeated failure pattern.",Use proof pack only after the buyer confirms pain.,https://thumbgate-production.up.railway.app/#workflow-sprint-intake,"Your ACT-R engram work is fascinating, especially the conflict resolution for opposing facts and the decay model. I am looking for one serious AI-agent workflow to harden end-to-end this week. If your memory system has one recurring failure mode such as stale context, opposing facts, bad handoffs, or unsafe tool calls, I can turn that into a prevention rule and proof run. Open to a 15-minute diagnostic?","If your workflow really has one repeated workflow failure blocking rollout, I can send the Workflow Hardening Sprint brief plus the commercial truth and verification evidence: https://thumbgate-production.up.railway.app/#workflow-sprint-intake Commercial truth: https://github.com/IgorGanapolsky/ThumbGate/blob/main/docs/COMMERCIAL_TRUTH.md Verification evidence: https://github.com/IgorGanapolsky/ThumbGate/blob/main/docs/VERIFICATION_EVIDENCE.md","If you want to inspect the self-serve path while you evaluate your workflow, start with the proof-backed setup guide: https://thumbgate-production.up.railway.app/guide If you decide the tool path is enough, the live Pro checkout is https://thumbgate-production.up.railway.app/checkout/pro. If the blocker needs hands-on workflow hardening, keep the sprint intake here: https://thumbgate-production.up.railway.app/#workflow-sprint-intake","If you are already comparing close options for your workflow, the primary path is Workflow Hardening Sprint: https://thumbgate-production.up.railway.app/#workflow-sprint-intake Self-serve Pro: https://thumbgate-production.up.railway.app/checkout/pro Commercial truth: https://github.com/IgorGanapolsky/ThumbGate/blob/main/docs/COMMERCIAL_TRUTH.md Verification evidence: https://github.com/IgorGanapolsky/ThumbGate/blob/main/docs/VERIFICATION_EVIDENCE.md"
warm,reddit,reddit_dm,leogodin217,r/ClaudeCode,,https://www.reddit.com/user/leogodin217/,n/a,,,,workflow_hardening_sprint,targeted,9,warm inbound engagement; mature multi-step workflow described; workflow pain named: review boundaries and context risk,,Target signal: https://www.reddit.com/user/leogodin217/; Commercial truth: https://github.com/IgorGanapolsky/ThumbGate/blob/main/docs/COMMERCIAL_TRUTH.md; Verification evidence: https://github.com/IgorGanapolsky/ThumbGate/blob/main/docs/VERIFICATION_EVIDENCE.md,"Do not claim revenue, installs, or marketplace approval without direct command evidence.; Do not lead with proof links before the buyer confirms pain.; Keep public pricing and traction claims aligned with COMMERCIAL_TRUTH.md.; Keep proof and quality claims aligned with VERIFICATION_EVIDENCE.md.",Lead with one repeating failure inside an already-mature workflow and offer an enforceable Pre-Action Check plus proof run.,Workflow Hardening Sprint,"Warm Reddit engager already described a mature workflow, so the next step is a targeted diagnostic on one failure mode.",Use proof pack only after the buyer confirms pain.,https://thumbgate-production.up.railway.app/#workflow-sprint-intake,"Your arch-create to sprint workflow is one of the most mature agent processes I have seen anyone describe. I am looking for one AI-agent workflow to harden end-to-end this week. Your workflow already has phases, review boundaries, and context risk, so it is a strong fit: pick one repeating failure and I will help turn it into an enforceable Pre-Action Check plus proof run. Worth 15 minutes?","If your workflow really has one repeated workflow failure blocking rollout, I can send the Workflow Hardening Sprint brief plus the commercial truth and verification evidence: https://thumbgate-production.up.railway.app/#workflow-sprint-intake Commercial truth: https://github.com/IgorGanapolsky/ThumbGate/blob/main/docs/COMMERCIAL_TRUTH.md Verification evidence: https://github.com/IgorGanapolsky/ThumbGate/blob/main/docs/VERIFICATION_EVIDENCE.md","If you want to inspect the self-serve path while you evaluate your workflow, start with the proof-backed setup guide: https://thumbgate-production.up.railway.app/guide If you decide the tool path is enough, the live Pro checkout is https://thumbgate-production.up.railway.app/checkout/pro. If the blocker needs hands-on workflow hardening, keep the sprint intake here: https://thumbgate-production.up.railway.app/#workflow-sprint-intake","If you are already comparing close options for your workflow, the primary path is Workflow Hardening Sprint: https://thumbgate-production.up.railway.app/#workflow-sprint-intake Self-serve Pro: https://thumbgate-production.up.railway.app/checkout/pro Commercial truth: https://github.com/IgorGanapolsky/ThumbGate/blob/main/docs/COMMERCIAL_TRUTH.md Verification evidence: https://github.com/IgorGanapolsky/ThumbGate/blob/main/docs/VERIFICATION_EVIDENCE.md"
warm,reddit,reddit_dm,Enthu-Cutlet-1337,r/ClaudeCode,,https://www.reddit.com/user/Enthu-Cutlet-1337/,n/a,,,,workflow_hardening_sprint,targeted,8,warm inbound engagement; responded to adaptive-gate positioning; workflow pain named: brittle guardrails,,Target signal: https://www.reddit.com/user/Enthu-Cutlet-1337/; Commercial truth: https://github.com/IgorGanapolsky/ThumbGate/blob/main/docs/COMMERCIAL_TRUTH.md; Verification evidence: https://github.com/IgorGanapolsky/ThumbGate/blob/main/docs/VERIFICATION_EVIDENCE.md,"Do not claim revenue, installs, or marketplace approval without direct command evidence.; Do not lead with proof links before the buyer confirms pain.; Keep public pricing and traction claims aligned with COMMERCIAL_TRUTH.md.; Keep proof and quality claims aligned with VERIFICATION_EVIDENCE.md.",Lead with one brittle-guardrail workflow and offer to harden it with adaptive gates plus a proof run.,Workflow Hardening Sprint,"Warm Reddit engager already understands the adaptive-gate thesis, so offer one concrete workflow hardening diagnostic.",Use proof pack only after the buyer confirms pain.,https://thumbgate-production.up.railway.app/#workflow-sprint-intake,"Appreciate the kind words on the Thompson Sampling approach. You nailed the core insight: most guardrails are brittle prompt hacks that break when context shifts. I am looking for one AI-agent workflow to harden end-to-end this week: repeated failure, prevention rule, and proof run. If you have a workflow where brittle guardrails keep failing, I can harden that workflow with you. Open to a 15-minute diagnostic?","If your workflow really has one repeated workflow failure blocking rollout, I can send the Workflow Hardening Sprint brief plus the commercial truth and verification evidence: https://thumbgate-production.up.railway.app/#workflow-sprint-intake Commercial truth: https://github.com/IgorGanapolsky/ThumbGate/blob/main/docs/COMMERCIAL_TRUTH.md Verification evidence: https://github.com/IgorGanapolsky/ThumbGate/blob/main/docs/VERIFICATION_EVIDENCE.md","If you want to inspect the self-serve path while you evaluate your workflow, start with the proof-backed setup guide: https://thumbgate-production.up.railway.app/guide If you decide the tool path is enough, the live Pro checkout is https://thumbgate-production.up.railway.app/checkout/pro. If the blocker needs hands-on workflow hardening, keep the sprint intake here: https://thumbgate-production.up.railway.app/#workflow-sprint-intake","If you are already comparing close options for your workflow, the primary path is Workflow Hardening Sprint: https://thumbgate-production.up.railway.app/#workflow-sprint-intake Self-serve Pro: https://thumbgate-production.up.railway.app/checkout/pro Commercial truth: https://github.com/IgorGanapolsky/ThumbGate/blob/main/docs/COMMERCIAL_TRUTH.md Verification evidence: https://github.com/IgorGanapolsky/ThumbGate/blob/main/docs/VERIFICATION_EVIDENCE.md"
cold,github,github,Adqui9608,Adqui9608,,https://github.com/Adqui9608,GitHub profile: https://github.com/Adqui9608; Repository: https://github.com/Adqui9608/ai-code-review-agent,ai-code-review-agent,https://github.com/Adqui9608/ai-code-review-agent,2026-04-28T08:58:34Z,workflow_hardening_sprint,targeted,15,workflow control surface; production or platform workflow; business-system integration; agent infrastructure; updated in the last 7 days,https://github.com/Adqui9608/ai-code-review-agent,Target signal: https://github.com/Adqui9608/ai-code-review-agent; Commercial truth: https://github.com/IgorGanapolsky/ThumbGate/blob/main/docs/COMMERCIAL_TRUTH.md; Verification evidence: https://github.com/IgorGanapolsky/ThumbGate/blob/main/docs/VERIFICATION_EVIDENCE.md,"Do not claim revenue, installs, or marketplace approval without direct command evidence.; Do not lead with proof links before the buyer confirms pain.; Keep public pricing and traction claims aligned with COMMERCIAL_TRUTH.md.; Keep proof and quality claims aligned with VERIFICATION_EVIDENCE.md.","Lead with one business-system workflow that needs approval boundaries, rollback safety, and proof.",Workflow Hardening Sprint,"Lead with one business-system workflow that needs approval boundaries, rollback safety, and proof.",Use proof pack only after the buyer confirms pain.,https://thumbgate-production.up.railway.app/#workflow-sprint-intake,"Hey @Adqui9608, saw you're shipping `ai-code-review-agent`. If one approval, handoff, or rollback step keeps creating trouble, I can harden that workflow for you with a prevention gate and proof run: https://thumbgate-production.up.railway.app/#workflow-sprint-intake","If `ai-code-review-agent` really has one repeated workflow failure blocking rollout, I can send the Workflow Hardening Sprint brief plus the commercial truth and verification evidence: https://thumbgate-production.up.railway.app/#workflow-sprint-intake Commercial truth: https://github.com/IgorGanapolsky/ThumbGate/blob/main/docs/COMMERCIAL_TRUTH.md Verification evidence: https://github.com/IgorGanapolsky/ThumbGate/blob/main/docs/VERIFICATION_EVIDENCE.md","If you want to inspect the self-serve path while you evaluate `ai-code-review-agent`, start with the proof-backed setup guide: https://thumbgate-production.up.railway.app/guide If you decide the tool path is enough, the live Pro checkout is https://thumbgate-production.up.railway.app/checkout/pro. If the blocker needs hands-on workflow hardening, keep the sprint intake here: https://thumbgate-production.up.railway.app/#workflow-sprint-intake","If you are already comparing close options for `ai-code-review-agent`, the primary path is Workflow Hardening Sprint: https://thumbgate-production.up.railway.app/#workflow-sprint-intake Self-serve Pro: https://thumbgate-production.up.railway.app/checkout/pro Commercial truth: https://github.com/IgorGanapolsky/ThumbGate/blob/main/docs/COMMERCIAL_TRUTH.md Verification evidence: https://github.com/IgorGanapolsky/ThumbGate/blob/main/docs/VERIFICATION_EVIDENCE.md"
cold,github,github,alirezarezvani,alirezarezvani,@lindera-engineering,https://alirezarezvani.com/,Website: https://alirezarezvani.com/; GitHub profile: https://github.com/alirezarezvani; Repository: https://github.com/alirezarezvani/claude-skills,claude-skills,https://github.com/alirezarezvani/claude-skills,2026-04-28T09:11:53Z,workflow_hardening_sprint,targeted,14,production or platform workflow; agent infrastructure; self-serve agent tooling; 12984 GitHub stars; updated in the last 7 days,https://github.com/alirezarezvani/claude-skills,Target signal: https://github.com/alirezarezvani/claude-skills; Commercial truth: https://github.com/IgorGanapolsky/ThumbGate/blob/main/docs/COMMERCIAL_TRUTH.md; Verification evidence: https://github.com/IgorGanapolsky/ThumbGate/blob/main/docs/VERIFICATION_EVIDENCE.md,"Do not claim revenue, installs, or marketplace approval without direct command evidence.; Do not lead with proof links before the buyer confirms pain.; Keep public pricing and traction claims aligned with COMMERCIAL_TRUTH.md.; Keep proof and quality claims aligned with VERIFICATION_EVIDENCE.md.",Lead with rollout proof for one production workflow that cannot afford repeated agent mistakes.,Workflow Hardening Sprint,Lead with rollout proof for one production workflow that cannot afford repeated agent mistakes.,Use proof pack only after the buyer confirms pain.,https://thumbgate-production.up.railway.app/#workflow-sprint-intake,"Hey @alirezarezvani, saw you're shipping `claude-skills`. If one deploy, release, or incident workflow keeps needing extra guardrails, I can harden that workflow for you with a prevention gate and proof run: https://thumbgate-production.up.railway.app/#workflow-sprint-intake","If `claude-skills` really has one repeated workflow failure blocking rollout, I can send the Workflow Hardening Sprint brief plus the commercial truth and verification evidence: https://thumbgate-production.up.railway.app/#workflow-sprint-intake Commercial truth: https://github.com/IgorGanapolsky/ThumbGate/blob/main/docs/COMMERCIAL_TRUTH.md Verification evidence: https://github.com/IgorGanapolsky/ThumbGate/blob/main/docs/VERIFICATION_EVIDENCE.md","If you want to inspect the self-serve path while you evaluate `claude-skills`, start with the proof-backed setup guide: https://thumbgate-production.up.railway.app/guide If you decide the tool path is enough, the live Pro checkout is https://thumbgate-production.up.railway.app/checkout/pro. If the blocker needs hands-on workflow hardening, keep the sprint intake here: https://thumbgate-production.up.railway.app/#workflow-sprint-intake","If you are already comparing close options for `claude-skills`, the primary path is Workflow Hardening Sprint: https://thumbgate-production.up.railway.app/#workflow-sprint-intake Self-serve Pro: https://thumbgate-production.up.railway.app/checkout/pro Commercial truth: https://github.com/IgorGanapolsky/ThumbGate/blob/main/docs/COMMERCIAL_TRUTH.md Verification evidence: https://github.com/IgorGanapolsky/ThumbGate/blob/main/docs/VERIFICATION_EVIDENCE.md"
cold,github,github,DGouron,DGouron,Mentor Goal,https://dgouron.fr/,Website: https://dgouron.fr/; GitHub profile: https://github.com/DGouron; Repository: https://github.com/DGouron/review-flow,review-flow,https://github.com/DGouron/review-flow,2026-04-25T03:12:00Z,workflow_hardening_sprint,targeted,14,workflow control surface; business-system integration; agent infrastructure; 36 GitHub stars; updated in the last 7 days,https://github.com/DGouron/review-flow,Target signal: https://github.com/DGouron/review-flow; Commercial truth: https://github.com/IgorGanapolsky/ThumbGate/blob/main/docs/COMMERCIAL_TRUTH.md; Verification evidence: https://github.com/IgorGanapolsky/ThumbGate/blob/main/docs/VERIFICATION_EVIDENCE.md,"Do not claim revenue, installs, or marketplace approval without direct command evidence.; Do not lead with proof links before the buyer confirms pain.; Keep public pricing and traction claims aligned with COMMERCIAL_TRUTH.md.; Keep proof and quality claims aligned with VERIFICATION_EVIDENCE.md.","Lead with one business-system workflow that needs approval boundaries, rollback safety, and proof.",Workflow Hardening Sprint,"Lead with one business-system workflow that needs approval boundaries, rollback safety, and proof.",Use proof pack only after the buyer confirms pain.,https://thumbgate-production.up.railway.app/#workflow-sprint-intake,"Hey @DGouron, saw you're shipping `review-flow`. If one approval, handoff, or rollback step keeps creating trouble, I can harden that workflow for you with a prevention gate and proof run: https://thumbgate-production.up.railway.app/#workflow-sprint-intake","If `review-flow` really has one repeated workflow failure blocking rollout, I can send the Workflow Hardening Sprint brief plus the commercial truth and verification evidence: https://thumbgate-production.up.railway.app/#workflow-sprint-intake Commercial truth: https://github.com/IgorGanapolsky/ThumbGate/blob/main/docs/COMMERCIAL_TRUTH.md Verification evidence: https://github.com/IgorGanapolsky/ThumbGate/blob/main/docs/VERIFICATION_EVIDENCE.md","If you want to inspect the self-serve path while you evaluate `review-flow`, start with the proof-backed setup guide: https://thumbgate-production.up.railway.app/guide If you decide the tool path is enough, the live Pro checkout is https://thumbgate-production.up.railway.app/checkout/pro. If the blocker needs hands-on workflow hardening, keep the sprint intake here: https://thumbgate-production.up.railway.app/#workflow-sprint-intake","If you are already comparing close options for `review-flow`, the primary path is Workflow Hardening Sprint: https://thumbgate-production.up.railway.app/#workflow-sprint-intake Self-serve Pro: https://thumbgate-production.up.railway.app/checkout/pro Commercial truth: https://github.com/IgorGanapolsky/ThumbGate/blob/main/docs/COMMERCIAL_TRUTH.md Verification evidence: https://github.com/IgorGanapolsky/ThumbGate/blob/main/docs/VERIFICATION_EVIDENCE.md"
cold,github,github,nihannihu,nihannihu,@Omni-IDE,https://github.com/nihannihu,GitHub profile: https://github.com/nihannihu; Repository: https://github.com/nihannihu/Omni-SRE,Omni-SRE,https://github.com/nihannihu/Omni-SRE,2026-04-17T15:11:02Z,workflow_hardening_sprint,targeted,14,workflow control surface; production or platform workflow; business-system integration; agent infrastructure; updated in the last 30 days,https://github.com/nihannihu/Omni-SRE,Target signal: https://github.com/nihannihu/Omni-SRE; Commercial truth: https://github.com/IgorGanapolsky/ThumbGate/blob/main/docs/COMMERCIAL_TRUTH.md; Verification evidence: https://github.com/IgorGanapolsky/ThumbGate/blob/main/docs/VERIFICATION_EVIDENCE.md,"Do not claim revenue, installs, or marketplace approval without direct command evidence.; Do not lead with proof links before the buyer confirms pain.; Keep public pricing and traction claims aligned with COMMERCIAL_TRUTH.md.; Keep proof and quality claims aligned with VERIFICATION_EVIDENCE.md.","Lead with one business-system workflow that needs approval boundaries, rollback safety, and proof.",Workflow Hardening Sprint,"Lead with one business-system workflow that needs approval boundaries, rollback safety, and proof.",Use proof pack only after the buyer confirms pain.,https://thumbgate-production.up.railway.app/#workflow-sprint-intake,"Hey @nihannihu, saw you're shipping `Omni-SRE`. If one approval, handoff, or rollback step keeps creating trouble, I can harden that workflow for you with a prevention gate and proof run: https://thumbgate-production.up.railway.app/#workflow-sprint-intake","If `Omni-SRE` really has one repeated workflow failure blocking rollout, I can send the Workflow Hardening Sprint brief plus the commercial truth and verification evidence: https://thumbgate-production.up.railway.app/#workflow-sprint-intake Commercial truth: https://github.com/IgorGanapolsky/ThumbGate/blob/main/docs/COMMERCIAL_TRUTH.md Verification evidence: https://github.com/IgorGanapolsky/ThumbGate/blob/main/docs/VERIFICATION_EVIDENCE.md","If you want to inspect the self-serve path while you evaluate `Omni-SRE`, start with the proof-backed setup guide: https://thumbgate-production.up.railway.app/guide If you decide the tool path is enough, the live Pro checkout is https://thumbgate-production.up.railway.app/checkout/pro. If the blocker needs hands-on workflow hardening, keep the sprint intake here: https://thumbgate-production.up.railway.app/#workflow-sprint-intake","If you are already comparing close options for `Omni-SRE`, the primary path is Workflow Hardening Sprint: https://thumbgate-production.up.railway.app/#workflow-sprint-intake Self-serve Pro: https://thumbgate-production.up.railway.app/checkout/pro Commercial truth: https://github.com/IgorGanapolsky/ThumbGate/blob/main/docs/COMMERCIAL_TRUTH.md Verification evidence: https://github.com/IgorGanapolsky/ThumbGate/blob/main/docs/VERIFICATION_EVIDENCE.md"
cold,github,github,oliver-kriska,oliver-kriska,,https://github.com/oliver-kriska,GitHub profile: https://github.com/oliver-kriska; Repository: https://github.com/oliver-kriska/claude-elixir-phoenix,claude-elixir-phoenix,https://github.com/oliver-kriska/claude-elixir-phoenix,2026-04-28T08:17:45Z,pro_self_serve,targeted,14,workflow control surface; agent infrastructure; self-serve agent tooling; 290 GitHub stars; updated in the last 7 days,https://github.com/oliver-kriska/claude-elixir-phoenix,Target signal: https://github.com/oliver-kriska/claude-elixir-phoenix; Commercial truth: https://github.com/IgorGanapolsky/ThumbGate/blob/main/docs/COMMERCIAL_TRUTH.md; Verification evidence: https://github.com/IgorGanapolsky/ThumbGate/blob/main/docs/VERIFICATION_EVIDENCE.md,"Do not claim revenue, installs, or marketplace approval without direct command evidence.; Do not lead with proof links before the buyer confirms pain.; Keep public pricing and traction claims aligned with COMMERCIAL_TRUTH.md.; Keep proof and quality claims aligned with VERIFICATION_EVIDENCE.md.",Lead with the proof-backed setup guide and local-first enforcement before any team-motion pitch.,Pro at $19/mo or $149/yr,"Target looks like a local hook, plugin, or config surface, so start with the setup guide and Pro follow-on before pitching a sprint.",Use proof pack only after the buyer confirms pain.,https://thumbgate-production.up.railway.app/guide,"Hey @oliver-kriska, saw you're building around `claude-elixir-phoenix`. If you want the clean self-serve tool path first, start with the proof-backed setup guide: https://thumbgate-production.up.railway.app/guide. If one repeated agent mistake is still slowing the workflow down after that, Pro is the clean next step.","If you want the self-serve path for `claude-elixir-phoenix`, here is the live Pro checkout: https://thumbgate-production.up.railway.app/checkout/pro Commercial truth: https://github.com/IgorGanapolsky/ThumbGate/blob/main/docs/COMMERCIAL_TRUTH.md Verification evidence: https://github.com/IgorGanapolsky/ThumbGate/blob/main/docs/VERIFICATION_EVIDENCE.md","If you want the self-serve path for `claude-elixir-phoenix`, start with the proof-backed setup guide: https://thumbgate-production.up.railway.app/guide If the install path looks right and you want the dashboard plus export-ready evidence, the live Pro checkout is https://thumbgate-production.up.railway.app/checkout/pro","If you are already comparing close options for `claude-elixir-phoenix`, the primary path is Pro at $19/mo or $149/yr: https://thumbgate-production.up.railway.app/checkout/pro Self-serve Pro: https://thumbgate-production.up.railway.app/checkout/pro Commercial truth: https://github.com/IgorGanapolsky/ThumbGate/blob/main/docs/COMMERCIAL_TRUTH.md Verification evidence: https://github.com/IgorGanapolsky/ThumbGate/blob/main/docs/VERIFICATION_EVIDENCE.md"
cold,github,github,zaxbysauce,zaxbysauce,,https://github.com/zaxbysauce,GitHub profile: https://github.com/zaxbysauce; Repository: https://github.com/zaxbysauce/opencode-swarm,opencode-swarm,https://github.com/zaxbysauce/opencode-swarm,2026-04-28T06:40:23Z,pro_self_serve,targeted,12,workflow control surface; self-serve agent tooling; 241 GitHub stars; updated in the last 7 days,https://github.com/zaxbysauce/opencode-swarm,Target signal: https://github.com/zaxbysauce/opencode-swarm; Commercial truth: https://github.com/IgorGanapolsky/ThumbGate/blob/main/docs/COMMERCIAL_TRUTH.md; Verification evidence: https://github.com/IgorGanapolsky/ThumbGate/blob/main/docs/VERIFICATION_EVIDENCE.md,"Do not claim revenue, installs, or marketplace approval without direct command evidence.; Do not lead with proof links before the buyer confirms pain.; Keep public pricing and traction claims aligned with COMMERCIAL_TRUTH.md.; Keep proof and quality claims aligned with VERIFICATION_EVIDENCE.md.",Lead with the proof-backed setup guide and local-first enforcement before any team-motion pitch.,Pro at $19/mo or $149/yr,"Target looks like a local hook, plugin, or config surface, so start with the setup guide and Pro follow-on before pitching a sprint.",Use proof pack only after the buyer confirms pain.,https://thumbgate-production.up.railway.app/guide,"Hey @zaxbysauce, saw you're building around `opencode-swarm`. If you want the clean self-serve tool path first, start with the proof-backed setup guide: https://thumbgate-production.up.railway.app/guide. If one repeated agent mistake is still slowing the workflow down after that, Pro is the clean next step.","If you want the self-serve path for `opencode-swarm`, here is the live Pro checkout: https://thumbgate-production.up.railway.app/checkout/pro Commercial truth: https://github.com/IgorGanapolsky/ThumbGate/blob/main/docs/COMMERCIAL_TRUTH.md Verification evidence: https://github.com/IgorGanapolsky/ThumbGate/blob/main/docs/VERIFICATION_EVIDENCE.md","If you want the self-serve path for `opencode-swarm`, start with the proof-backed setup guide: https://thumbgate-production.up.railway.app/guide If the install path looks right and you want the dashboard plus export-ready evidence, the live Pro checkout is https://thumbgate-production.up.railway.app/checkout/pro","If you are already comparing close options for `opencode-swarm`, the primary path is Pro at $19/mo or $149/yr: https://thumbgate-production.up.railway.app/checkout/pro Self-serve Pro: https://thumbgate-production.up.railway.app/checkout/pro Commercial truth: https://github.com/IgorGanapolsky/ThumbGate/blob/main/docs/COMMERCIAL_TRUTH.md Verification evidence: https://github.com/IgorGanapolsky/ThumbGate/blob/main/docs/VERIFICATION_EVIDENCE.md"
