rank,sectionKey,sectionLabel,temperature,source,channel,pipelineStage,pipelineLeadId,username,accountName,company,repoName,repoUrl,contactSurface,contactSurfaces,pipelineUpdatedAt,nextOperatorStep,evidenceScore,evidence,motionLabel,whyNow,proofRule,cta,firstTouchDraft,painConfirmedFollowUpDraft,selfServeFollowUpDraft,checkoutCloseDraft,markContactedCommand,markRepliedCommand,markCallBookedCommand,markCheckoutStartedCommand,markSprintIntakeCommand,markPaidCommand
1,send_now_warm_discovery,Send Now: Warm Discovery,warm,reddit,reddit_dm,targeted,reddit_deep_ad1959_r_cursor,Deep_Ad1959,r/cursor,,,,https://www.reddit.com/user/Deep_Ad1959/,n/a,,Send the first-touch draft and log the outreach in the sales pipeline.,10,warm inbound engagement; workflow pain named: rollback risk; already in DMs,Workflow Hardening Sprint,"Warm Reddit engager already named a repeated workflow risk, so the fastest path is a founder-led diagnostic.",Use proof pack only after the buyer confirms pain.,https://thumbgate-production.up.railway.app/#workflow-sprint-intake,"Your question about rollback rates when context changes is exactly the right one. I am looking for one AI-agent workflow to harden end-to-end this week: repeated failure, prevention rule, and proof run. If you have one workflow where context drift or rollback risk keeps showing up, I can harden that workflow for you. Worth a 15-minute diagnostic?","If your workflow really has one repeated workflow failure blocking rollout, I can send the Workflow Hardening Sprint brief plus the commercial truth and verification evidence: https://thumbgate-production.up.railway.app/#workflow-sprint-intake Commercial truth: https://github.com/IgorGanapolsky/ThumbGate/blob/main/docs/COMMERCIAL_TRUTH.md Verification evidence: https://github.com/IgorGanapolsky/ThumbGate/blob/main/docs/VERIFICATION_EVIDENCE.md","If you want to inspect the self-serve path while you evaluate your workflow, start with the proof-backed setup guide: https://thumbgate-production.up.railway.app/guide If you decide the tool path is enough, the live Pro checkout is https://thumbgate-production.up.railway.app/checkout/pro. If the blocker needs hands-on workflow hardening, keep the sprint intake here: https://thumbgate-production.up.railway.app/#workflow-sprint-intake","If you are already comparing close options for your workflow, the primary path is Workflow Hardening Sprint: https://thumbgate-production.up.railway.app/#workflow-sprint-intake Self-serve Pro: https://thumbgate-production.up.railway.app/checkout/pro Commercial truth: https://github.com/IgorGanapolsky/ThumbGate/blob/main/docs/COMMERCIAL_TRUTH.md Verification evidence: https://github.com/IgorGanapolsky/ThumbGate/blob/main/docs/VERIFICATION_EVIDENCE.md",npm run sales:pipeline -- advance --lead 'reddit_deep_ad1959_r_cursor' --channel 'reddit_dm' --stage 'contacted' --note 'Sent Workflow Hardening Sprint first touch focused on rollback risk.',npm run sales:pipeline -- advance --lead 'reddit_deep_ad1959_r_cursor' --channel 'reddit_dm' --stage 'replied' --note 'Buyer confirmed pain around rollback risk.',npm run sales:pipeline -- advance --lead 'reddit_deep_ad1959_r_cursor' --channel 'reddit_dm' --stage 'call_booked' --note 'Booked a 15-minute workflow hardening diagnostic for rollback risk.',npm run sales:pipeline -- advance --lead 'reddit_deep_ad1959_r_cursor' --channel 'reddit_dm' --stage 'checkout_started' --note 'Buyer started the self-serve checkout after discussing rollback risk.',npm run sales:pipeline -- advance --lead 'reddit_deep_ad1959_r_cursor' --channel 'reddit_dm' --stage 'sprint_intake' --note 'Buyer moved into Workflow Hardening Sprint intake for rollback risk.',npm run sales:pipeline -- advance --lead 'reddit_deep_ad1959_r_cursor' --channel 'reddit_dm' --stage 'paid' --note 'Closed Workflow Hardening Sprint and booked revenue after resolving rollback risk.'
2,send_now_warm_discovery,Send Now: Warm Discovery,warm,reddit,reddit_dm,targeted,reddit_game_of_kton_r_cursor,game-of-kton,r/cursor,,,,https://www.reddit.com/user/game-of-kton/,n/a,,Send the first-touch draft and log the outreach in the sales pipeline.,9,warm inbound engagement; built serious memory systems; workflow pain named: stale context and conflicting facts,Workflow Hardening Sprint,"Warm Reddit engager already works on advanced agent memory, so discovery should center on one repeated failure pattern.",Use proof pack only after the buyer confirms pain.,https://thumbgate-production.up.railway.app/#workflow-sprint-intake,"Your ACT-R engram work is fascinating, especially the conflict resolution for opposing facts and the decay model. I am looking for one serious AI-agent workflow to harden end-to-end this week. If your memory system has one recurring failure mode such as stale context, opposing facts, bad handoffs, or unsafe tool calls, I can turn that into a prevention rule and proof run. Open to a 15-minute diagnostic?","If your workflow really has one repeated workflow failure blocking rollout, I can send the Workflow Hardening Sprint brief plus the commercial truth and verification evidence: https://thumbgate-production.up.railway.app/#workflow-sprint-intake Commercial truth: https://github.com/IgorGanapolsky/ThumbGate/blob/main/docs/COMMERCIAL_TRUTH.md Verification evidence: https://github.com/IgorGanapolsky/ThumbGate/blob/main/docs/VERIFICATION_EVIDENCE.md","If you want to inspect the self-serve path while you evaluate your workflow, start with the proof-backed setup guide: https://thumbgate-production.up.railway.app/guide If you decide the tool path is enough, the live Pro checkout is https://thumbgate-production.up.railway.app/checkout/pro. If the blocker needs hands-on workflow hardening, keep the sprint intake here: https://thumbgate-production.up.railway.app/#workflow-sprint-intake","If you are already comparing close options for your workflow, the primary path is Workflow Hardening Sprint: https://thumbgate-production.up.railway.app/#workflow-sprint-intake Self-serve Pro: https://thumbgate-production.up.railway.app/checkout/pro Commercial truth: https://github.com/IgorGanapolsky/ThumbGate/blob/main/docs/COMMERCIAL_TRUTH.md Verification evidence: https://github.com/IgorGanapolsky/ThumbGate/blob/main/docs/VERIFICATION_EVIDENCE.md",npm run sales:pipeline -- advance --lead 'reddit_game_of_kton_r_cursor' --channel 'reddit_dm' --stage 'contacted' --note 'Sent Workflow Hardening Sprint first touch focused on stale context and conflicting facts.',npm run sales:pipeline -- advance --lead 'reddit_game_of_kton_r_cursor' --channel 'reddit_dm' --stage 'replied' --note 'Buyer confirmed pain around stale context and conflicting facts.',npm run sales:pipeline -- advance --lead 'reddit_game_of_kton_r_cursor' --channel 'reddit_dm' --stage 'call_booked' --note 'Booked a 15-minute workflow hardening diagnostic for stale context and conflicting facts.',npm run sales:pipeline -- advance --lead 'reddit_game_of_kton_r_cursor' --channel 'reddit_dm' --stage 'checkout_started' --note 'Buyer started the self-serve checkout after discussing stale context and conflicting facts.',npm run sales:pipeline -- advance --lead 'reddit_game_of_kton_r_cursor' --channel 'reddit_dm' --stage 'sprint_intake' --note 'Buyer moved into Workflow Hardening Sprint intake for stale context and conflicting facts.',npm run sales:pipeline -- advance --lead 'reddit_game_of_kton_r_cursor' --channel 'reddit_dm' --stage 'paid' --note 'Closed Workflow Hardening Sprint and booked revenue after resolving stale context and conflicting facts.'
3,send_now_warm_discovery,Send Now: Warm Discovery,warm,reddit,reddit_dm,targeted,reddit_leogodin217_r_claudecode,leogodin217,r/ClaudeCode,,,,https://www.reddit.com/user/leogodin217/,n/a,,Send the first-touch draft and log the outreach in the sales pipeline.,9,warm inbound engagement; mature multi-step workflow described; workflow pain named: review boundaries and context risk,Workflow Hardening Sprint,"Warm Reddit engager already described a mature workflow, so the next step is a targeted diagnostic on one failure mode.",Use proof pack only after the buyer confirms pain.,https://thumbgate-production.up.railway.app/#workflow-sprint-intake,"Your arch-create to sprint workflow is one of the most mature agent processes I have seen anyone describe. I am looking for one AI-agent workflow to harden end-to-end this week. Your workflow already has phases, review boundaries, and context risk, so it is a strong fit: pick one repeating failure and I will help turn it into an enforceable Pre-Action Check plus proof run. Worth 15 minutes?","If your workflow really has one repeated workflow failure blocking rollout, I can send the Workflow Hardening Sprint brief plus the commercial truth and verification evidence: https://thumbgate-production.up.railway.app/#workflow-sprint-intake Commercial truth: https://github.com/IgorGanapolsky/ThumbGate/blob/main/docs/COMMERCIAL_TRUTH.md Verification evidence: https://github.com/IgorGanapolsky/ThumbGate/blob/main/docs/VERIFICATION_EVIDENCE.md","If you want to inspect the self-serve path while you evaluate your workflow, start with the proof-backed setup guide: https://thumbgate-production.up.railway.app/guide If you decide the tool path is enough, the live Pro checkout is https://thumbgate-production.up.railway.app/checkout/pro. If the blocker needs hands-on workflow hardening, keep the sprint intake here: https://thumbgate-production.up.railway.app/#workflow-sprint-intake","If you are already comparing close options for your workflow, the primary path is Workflow Hardening Sprint: https://thumbgate-production.up.railway.app/#workflow-sprint-intake Self-serve Pro: https://thumbgate-production.up.railway.app/checkout/pro Commercial truth: https://github.com/IgorGanapolsky/ThumbGate/blob/main/docs/COMMERCIAL_TRUTH.md Verification evidence: https://github.com/IgorGanapolsky/ThumbGate/blob/main/docs/VERIFICATION_EVIDENCE.md",npm run sales:pipeline -- advance --lead 'reddit_leogodin217_r_claudecode' --channel 'reddit_dm' --stage 'contacted' --note 'Sent Workflow Hardening Sprint first touch focused on review boundaries and context risk.',npm run sales:pipeline -- advance --lead 'reddit_leogodin217_r_claudecode' --channel 'reddit_dm' --stage 'replied' --note 'Buyer confirmed pain around review boundaries and context risk.',npm run sales:pipeline -- advance --lead 'reddit_leogodin217_r_claudecode' --channel 'reddit_dm' --stage 'call_booked' --note 'Booked a 15-minute workflow hardening diagnostic for review boundaries and context risk.',npm run sales:pipeline -- advance --lead 'reddit_leogodin217_r_claudecode' --channel 'reddit_dm' --stage 'checkout_started' --note 'Buyer started the self-serve checkout after discussing review boundaries and context risk.',npm run sales:pipeline -- advance --lead 'reddit_leogodin217_r_claudecode' --channel 'reddit_dm' --stage 'sprint_intake' --note 'Buyer moved into Workflow Hardening Sprint intake for review boundaries and context risk.',npm run sales:pipeline -- advance --lead 'reddit_leogodin217_r_claudecode' --channel 'reddit_dm' --stage 'paid' --note 'Closed Workflow Hardening Sprint and booked revenue after resolving review boundaries and context risk.'
4,send_now_warm_discovery,Send Now: Warm Discovery,warm,reddit,reddit_dm,targeted,reddit_enthu_cutlet_1337_r_claudecode,Enthu-Cutlet-1337,r/ClaudeCode,,,,https://www.reddit.com/user/Enthu-Cutlet-1337/,n/a,,Send the first-touch draft and log the outreach in the sales pipeline.,8,warm inbound engagement; responded to adaptive-gate positioning; workflow pain named: brittle guardrails,Workflow Hardening Sprint,"Warm Reddit engager already understands the adaptive-gate thesis, so offer one concrete workflow hardening diagnostic.",Use proof pack only after the buyer confirms pain.,https://thumbgate-production.up.railway.app/#workflow-sprint-intake,"Appreciate the kind words on the Thompson Sampling approach. You nailed the core insight: most guardrails are brittle prompt hacks that break when context shifts. I am looking for one AI-agent workflow to harden end-to-end this week: repeated failure, prevention rule, and proof run. If you have a workflow where brittle guardrails keep failing, I can harden that workflow with you. Open to a 15-minute diagnostic?","If your workflow really has one repeated workflow failure blocking rollout, I can send the Workflow Hardening Sprint brief plus the commercial truth and verification evidence: https://thumbgate-production.up.railway.app/#workflow-sprint-intake Commercial truth: https://github.com/IgorGanapolsky/ThumbGate/blob/main/docs/COMMERCIAL_TRUTH.md Verification evidence: https://github.com/IgorGanapolsky/ThumbGate/blob/main/docs/VERIFICATION_EVIDENCE.md","If you want to inspect the self-serve path while you evaluate your workflow, start with the proof-backed setup guide: https://thumbgate-production.up.railway.app/guide If you decide the tool path is enough, the live Pro checkout is https://thumbgate-production.up.railway.app/checkout/pro. If the blocker needs hands-on workflow hardening, keep the sprint intake here: https://thumbgate-production.up.railway.app/#workflow-sprint-intake","If you are already comparing close options for your workflow, the primary path is Workflow Hardening Sprint: https://thumbgate-production.up.railway.app/#workflow-sprint-intake Self-serve Pro: https://thumbgate-production.up.railway.app/checkout/pro Commercial truth: https://github.com/IgorGanapolsky/ThumbGate/blob/main/docs/COMMERCIAL_TRUTH.md Verification evidence: https://github.com/IgorGanapolsky/ThumbGate/blob/main/docs/VERIFICATION_EVIDENCE.md",npm run sales:pipeline -- advance --lead 'reddit_enthu_cutlet_1337_r_claudecode' --channel 'reddit_dm' --stage 'contacted' --note 'Sent Workflow Hardening Sprint first touch focused on brittle guardrails.',npm run sales:pipeline -- advance --lead 'reddit_enthu_cutlet_1337_r_claudecode' --channel 'reddit_dm' --stage 'replied' --note 'Buyer confirmed pain around brittle guardrails.',npm run sales:pipeline -- advance --lead 'reddit_enthu_cutlet_1337_r_claudecode' --channel 'reddit_dm' --stage 'call_booked' --note 'Booked a 15-minute workflow hardening diagnostic for brittle guardrails.',npm run sales:pipeline -- advance --lead 'reddit_enthu_cutlet_1337_r_claudecode' --channel 'reddit_dm' --stage 'checkout_started' --note 'Buyer started the self-serve checkout after discussing brittle guardrails.',npm run sales:pipeline -- advance --lead 'reddit_enthu_cutlet_1337_r_claudecode' --channel 'reddit_dm' --stage 'sprint_intake' --note 'Buyer moved into Workflow Hardening Sprint intake for brittle guardrails.',npm run sales:pipeline -- advance --lead 'reddit_enthu_cutlet_1337_r_claudecode' --channel 'reddit_dm' --stage 'paid' --note 'Closed Workflow Hardening Sprint and booked revenue after resolving brittle guardrails.'
1,close_now_self_serve_pro,Close Now: Self-Serve Pro,cold,github,github,targeted,github_bherald_personal_life_os_core,bherald,bherald,,personal-life-os-core,https://github.com/bherald/personal-life-os-core,https://wphc.us/,Website: https://wphc.us/; GitHub profile: https://github.com/bherald; Repository: https://github.com/bherald/personal-life-os-core,,Send the first-touch draft and log the outreach in the sales pipeline.,14,workflow control surface; production or platform workflow; agent infrastructure; self-serve agent tooling; updated in the last 7 days,Pro at $19/mo or $149/yr,"Target looks like a self-serve tooling surface, so Pro is the cleaner CTA unless a concrete workflow pain is confirmed.",Use proof pack only after the buyer confirms pain.,https://thumbgate-production.up.railway.app/guide,"Hey @bherald, saw you're building around `personal-life-os-core`. If you want the clean self-serve tool path first, start with the proof-backed setup guide: https://thumbgate-production.up.railway.app/guide. If one repeated agent mistake is still slowing the workflow down after that, Pro is the clean next step.","If you want the self-serve path for `personal-life-os-core`, here is the live Pro checkout: https://thumbgate-production.up.railway.app/checkout/pro Commercial truth: https://github.com/IgorGanapolsky/ThumbGate/blob/main/docs/COMMERCIAL_TRUTH.md Verification evidence: https://github.com/IgorGanapolsky/ThumbGate/blob/main/docs/VERIFICATION_EVIDENCE.md","If you want the self-serve path for `personal-life-os-core`, start with the proof-backed setup guide: https://thumbgate-production.up.railway.app/guide If the install path looks right and you want the dashboard plus export-ready evidence, the live Pro checkout is https://thumbgate-production.up.railway.app/checkout/pro","If you are already comparing close options for `personal-life-os-core`, the primary path is Pro at $19/mo or $149/yr: https://thumbgate-production.up.railway.app/checkout/pro Self-serve Pro: https://thumbgate-production.up.railway.app/checkout/pro Commercial truth: https://github.com/IgorGanapolsky/ThumbGate/blob/main/docs/COMMERCIAL_TRUTH.md Verification evidence: https://github.com/IgorGanapolsky/ThumbGate/blob/main/docs/VERIFICATION_EVIDENCE.md",npm run sales:pipeline -- advance --lead 'github_bherald_personal_life_os_core' --channel 'manual' --stage 'contacted' --note 'Sent Pro at $19/mo or $149/yr self-serve first touch focused on the proof-backed setup guide and local-first enforcement before any team-motion pitch.',npm run sales:pipeline -- advance --lead 'github_bherald_personal_life_os_core' --channel 'manual' --stage 'replied' --note 'Buyer confirmed pain around the proof-backed setup guide and local-first enforcement before any team-motion pitch.',npm run sales:pipeline -- advance --lead 'github_bherald_personal_life_os_core' --channel 'manual' --stage 'call_booked' --note 'Booked a 15-minute diagnostic after the self-serve conversation exposed repeated pain around the proof-backed setup guide and local-first enforcement before any team-motion pitch.',npm run sales:pipeline -- advance --lead 'github_bherald_personal_life_os_core' --channel 'manual' --stage 'checkout_started' --note 'Buyer started the self-serve checkout after discussing the proof-backed setup guide and local-first enforcement before any team-motion pitch.',npm run sales:pipeline -- advance --lead 'github_bherald_personal_life_os_core' --channel 'manual' --stage 'sprint_intake' --note 'Buyer escalated from the self-serve lane into Workflow Hardening Sprint intake for the proof-backed setup guide and local-first enforcement before any team-motion pitch.',npm run sales:pipeline -- advance --lead 'github_bherald_personal_life_os_core' --channel 'manual' --stage 'paid' --note 'Closed Pro at $19/mo or $149/yr and booked revenue after resolving the proof-backed setup guide and local-first enforcement before any team-motion pitch.'
2,close_now_self_serve_pro,Close Now: Self-Serve Pro,cold,github,github,targeted,github_zaxbysauce_opencode_swarm,zaxbysauce,zaxbysauce,,opencode-swarm,https://github.com/zaxbysauce/opencode-swarm,https://github.com/zaxbysauce,GitHub profile: https://github.com/zaxbysauce; Repository: https://github.com/zaxbysauce/opencode-swarm,,Send the first-touch draft and log the outreach in the sales pipeline.,12,workflow control surface; self-serve agent tooling; 292 GitHub stars; updated in the last 7 days,Pro at $19/mo or $149/yr,"Target looks like a local hook, plugin, or config surface, so start with the setup guide and Pro follow-on before pitching a sprint.",Use proof pack only after the buyer confirms pain.,https://thumbgate-production.up.railway.app/guide,"Hey @zaxbysauce, saw you're building around `opencode-swarm`. If you want the clean self-serve tool path first, start with the proof-backed setup guide: https://thumbgate-production.up.railway.app/guide. If one repeated agent mistake is still slowing the workflow down after that, Pro is the clean next step.","If you want the self-serve path for `opencode-swarm`, here is the live Pro checkout: https://thumbgate-production.up.railway.app/checkout/pro Commercial truth: https://github.com/IgorGanapolsky/ThumbGate/blob/main/docs/COMMERCIAL_TRUTH.md Verification evidence: https://github.com/IgorGanapolsky/ThumbGate/blob/main/docs/VERIFICATION_EVIDENCE.md","If you want the self-serve path for `opencode-swarm`, start with the proof-backed setup guide: https://thumbgate-production.up.railway.app/guide If the install path looks right and you want the dashboard plus export-ready evidence, the live Pro checkout is https://thumbgate-production.up.railway.app/checkout/pro","If you are already comparing close options for `opencode-swarm`, the primary path is Pro at $19/mo or $149/yr: https://thumbgate-production.up.railway.app/checkout/pro Self-serve Pro: https://thumbgate-production.up.railway.app/checkout/pro Commercial truth: https://github.com/IgorGanapolsky/ThumbGate/blob/main/docs/COMMERCIAL_TRUTH.md Verification evidence: https://github.com/IgorGanapolsky/ThumbGate/blob/main/docs/VERIFICATION_EVIDENCE.md",npm run sales:pipeline -- advance --lead 'github_zaxbysauce_opencode_swarm' --channel 'manual' --stage 'contacted' --note 'Sent Pro at $19/mo or $149/yr self-serve first touch focused on the proof-backed setup guide and local-first enforcement before any team-motion pitch.',npm run sales:pipeline -- advance --lead 'github_zaxbysauce_opencode_swarm' --channel 'manual' --stage 'replied' --note 'Buyer confirmed pain around the proof-backed setup guide and local-first enforcement before any team-motion pitch.',npm run sales:pipeline -- advance --lead 'github_zaxbysauce_opencode_swarm' --channel 'manual' --stage 'call_booked' --note 'Booked a 15-minute diagnostic after the self-serve conversation exposed repeated pain around the proof-backed setup guide and local-first enforcement before any team-motion pitch.',npm run sales:pipeline -- advance --lead 'github_zaxbysauce_opencode_swarm' --channel 'manual' --stage 'checkout_started' --note 'Buyer started the self-serve checkout after discussing the proof-backed setup guide and local-first enforcement before any team-motion pitch.',npm run sales:pipeline -- advance --lead 'github_zaxbysauce_opencode_swarm' --channel 'manual' --stage 'sprint_intake' --note 'Buyer escalated from the self-serve lane into Workflow Hardening Sprint intake for the proof-backed setup guide and local-first enforcement before any team-motion pitch.',npm run sales:pipeline -- advance --lead 'github_zaxbysauce_opencode_swarm' --channel 'manual' --stage 'paid' --note 'Closed Pro at $19/mo or $149/yr and booked revenue after resolving the proof-backed setup guide and local-first enforcement before any team-motion pitch.'
3,close_now_self_serve_pro,Close Now: Self-Serve Pro,cold,github,github,targeted,github_iliaal_whetstone,iliaal,iliaal,,whetstone,https://github.com/iliaal/whetstone,http://ilia.ws/,Website: http://ilia.ws/; GitHub profile: https://github.com/iliaal; Repository: https://github.com/iliaal/whetstone,,Send the first-touch draft and log the outreach in the sales pipeline.,12,workflow control surface; agent infrastructure; self-serve agent tooling; 13 GitHub stars; updated in the last 7 days,Pro at $19/mo or $149/yr,"Target looks like a local hook, plugin, or config surface, so start with the setup guide and Pro follow-on before pitching a sprint.",Use proof pack only after the buyer confirms pain.,https://thumbgate-production.up.railway.app/guide,"Hey @iliaal, saw you're building around `whetstone`. If you want the clean self-serve tool path first, start with the proof-backed setup guide: https://thumbgate-production.up.railway.app/guide. If one repeated agent mistake is still slowing the workflow down after that, Pro is the clean next step.","If you want the self-serve path for `whetstone`, here is the live Pro checkout: https://thumbgate-production.up.railway.app/checkout/pro Commercial truth: https://github.com/IgorGanapolsky/ThumbGate/blob/main/docs/COMMERCIAL_TRUTH.md Verification evidence: https://github.com/IgorGanapolsky/ThumbGate/blob/main/docs/VERIFICATION_EVIDENCE.md","If you want the self-serve path for `whetstone`, start with the proof-backed setup guide: https://thumbgate-production.up.railway.app/guide If the install path looks right and you want the dashboard plus export-ready evidence, the live Pro checkout is https://thumbgate-production.up.railway.app/checkout/pro","If you are already comparing close options for `whetstone`, the primary path is Pro at $19/mo or $149/yr: https://thumbgate-production.up.railway.app/checkout/pro Self-serve Pro: https://thumbgate-production.up.railway.app/checkout/pro Commercial truth: https://github.com/IgorGanapolsky/ThumbGate/blob/main/docs/COMMERCIAL_TRUTH.md Verification evidence: https://github.com/IgorGanapolsky/ThumbGate/blob/main/docs/VERIFICATION_EVIDENCE.md",npm run sales:pipeline -- advance --lead 'github_iliaal_whetstone' --channel 'manual' --stage 'contacted' --note 'Sent Pro at $19/mo or $149/yr self-serve first touch focused on the proof-backed setup guide and local-first enforcement before any team-motion pitch.',npm run sales:pipeline -- advance --lead 'github_iliaal_whetstone' --channel 'manual' --stage 'replied' --note 'Buyer confirmed pain around the proof-backed setup guide and local-first enforcement before any team-motion pitch.',npm run sales:pipeline -- advance --lead 'github_iliaal_whetstone' --channel 'manual' --stage 'call_booked' --note 'Booked a 15-minute diagnostic after the self-serve conversation exposed repeated pain around the proof-backed setup guide and local-first enforcement before any team-motion pitch.',npm run sales:pipeline -- advance --lead 'github_iliaal_whetstone' --channel 'manual' --stage 'checkout_started' --note 'Buyer started the self-serve checkout after discussing the proof-backed setup guide and local-first enforcement before any team-motion pitch.',npm run sales:pipeline -- advance --lead 'github_iliaal_whetstone' --channel 'manual' --stage 'sprint_intake' --note 'Buyer escalated from the self-serve lane into Workflow Hardening Sprint intake for the proof-backed setup guide and local-first enforcement before any team-motion pitch.',npm run sales:pipeline -- advance --lead 'github_iliaal_whetstone' --channel 'manual' --stage 'paid' --note 'Closed Pro at $19/mo or $149/yr and booked revenue after resolving the proof-backed setup guide and local-first enforcement before any team-motion pitch.'
1,send_next_production_rollout,Send Next: Production Rollout,cold,github,github,targeted,github_montenegronyc_backporcher,montenegronyc,montenegronyc,Number Fortyeight Inc.,backporcher,https://github.com/montenegronyc/backporcher,https://numberfortyeight.co/,Website: https://numberfortyeight.co/; GitHub profile: https://github.com/montenegronyc; Repository: https://github.com/montenegronyc/backporcher,,Send the first-touch draft and log the outreach in the sales pipeline.,17,workflow control surface; production or platform workflow; business-system integration; agent infrastructure; 13 GitHub stars; updated in the last 7 days,Workflow Hardening Sprint,"Lead with one business-system workflow that needs approval boundaries, rollback safety, and proof.",Use proof pack only after the buyer confirms pain.,https://thumbgate-production.up.railway.app/#workflow-sprint-intake,"Hey @montenegronyc, saw you're shipping `backporcher`. If one approval, handoff, or rollback step keeps creating trouble, I can harden that workflow for you with a prevention gate and proof run: https://thumbgate-production.up.railway.app/#workflow-sprint-intake","If `backporcher` really has one repeated workflow failure blocking rollout, I can send the Workflow Hardening Sprint brief plus the commercial truth and verification evidence: https://thumbgate-production.up.railway.app/#workflow-sprint-intake Commercial truth: https://github.com/IgorGanapolsky/ThumbGate/blob/main/docs/COMMERCIAL_TRUTH.md Verification evidence: https://github.com/IgorGanapolsky/ThumbGate/blob/main/docs/VERIFICATION_EVIDENCE.md","If you want to inspect the self-serve path while you evaluate `backporcher`, start with the proof-backed setup guide: https://thumbgate-production.up.railway.app/guide If you decide the tool path is enough, the live Pro checkout is https://thumbgate-production.up.railway.app/checkout/pro. If the blocker needs hands-on workflow hardening, keep the sprint intake here: https://thumbgate-production.up.railway.app/#workflow-sprint-intake","If you are already comparing close options for `backporcher`, the primary path is Workflow Hardening Sprint: https://thumbgate-production.up.railway.app/#workflow-sprint-intake Self-serve Pro: https://thumbgate-production.up.railway.app/checkout/pro Commercial truth: https://github.com/IgorGanapolsky/ThumbGate/blob/main/docs/COMMERCIAL_TRUTH.md Verification evidence: https://github.com/IgorGanapolsky/ThumbGate/blob/main/docs/VERIFICATION_EVIDENCE.md","npm run sales:pipeline -- advance --lead 'github_montenegronyc_backporcher' --channel 'manual' --stage 'contacted' --note 'Sent Workflow Hardening Sprint first touch focused on one business-system workflow that needs approval boundaries, rollback safety, and proof.'","npm run sales:pipeline -- advance --lead 'github_montenegronyc_backporcher' --channel 'manual' --stage 'replied' --note 'Buyer confirmed pain around one business-system workflow that needs approval boundaries, rollback safety, and proof.'","npm run sales:pipeline -- advance --lead 'github_montenegronyc_backporcher' --channel 'manual' --stage 'call_booked' --note 'Booked a 15-minute workflow hardening diagnostic for one business-system workflow that needs approval boundaries, rollback safety, and proof.'","npm run sales:pipeline -- advance --lead 'github_montenegronyc_backporcher' --channel 'manual' --stage 'checkout_started' --note 'Buyer started the self-serve checkout after discussing one business-system workflow that needs approval boundaries, rollback safety, and proof.'","npm run sales:pipeline -- advance --lead 'github_montenegronyc_backporcher' --channel 'manual' --stage 'sprint_intake' --note 'Buyer moved into Workflow Hardening Sprint intake for one business-system workflow that needs approval boundaries, rollback safety, and proof.'","npm run sales:pipeline -- advance --lead 'github_montenegronyc_backporcher' --channel 'manual' --stage 'paid' --note 'Closed Workflow Hardening Sprint and booked revenue after resolving one business-system workflow that needs approval boundaries, rollback safety, and proof.'"
2,send_next_production_rollout,Send Next: Production Rollout,cold,github,github,targeted,github_adqui9608_ai_code_review_agent,Adqui9608,Adqui9608,,ai-code-review-agent,https://github.com/Adqui9608/ai-code-review-agent,https://github.com/Adqui9608,GitHub profile: https://github.com/Adqui9608; Repository: https://github.com/Adqui9608/ai-code-review-agent,,Send the first-touch draft and log the outreach in the sales pipeline.,15,workflow control surface; production or platform workflow; business-system integration; agent infrastructure; updated in the last 7 days,Workflow Hardening Sprint,"Lead with one business-system workflow that needs approval boundaries, rollback safety, and proof.",Use proof pack only after the buyer confirms pain.,https://thumbgate-production.up.railway.app/#workflow-sprint-intake,"Hey @Adqui9608, saw you're shipping `ai-code-review-agent`. If one approval, handoff, or rollback step keeps creating trouble, I can harden that workflow for you with a prevention gate and proof run: https://thumbgate-production.up.railway.app/#workflow-sprint-intake","If `ai-code-review-agent` really has one repeated workflow failure blocking rollout, I can send the Workflow Hardening Sprint brief plus the commercial truth and verification evidence: https://thumbgate-production.up.railway.app/#workflow-sprint-intake Commercial truth: https://github.com/IgorGanapolsky/ThumbGate/blob/main/docs/COMMERCIAL_TRUTH.md Verification evidence: https://github.com/IgorGanapolsky/ThumbGate/blob/main/docs/VERIFICATION_EVIDENCE.md","If you want to inspect the self-serve path while you evaluate `ai-code-review-agent`, start with the proof-backed setup guide: https://thumbgate-production.up.railway.app/guide If you decide the tool path is enough, the live Pro checkout is https://thumbgate-production.up.railway.app/checkout/pro. If the blocker needs hands-on workflow hardening, keep the sprint intake here: https://thumbgate-production.up.railway.app/#workflow-sprint-intake","If you are already comparing close options for `ai-code-review-agent`, the primary path is Workflow Hardening Sprint: https://thumbgate-production.up.railway.app/#workflow-sprint-intake Self-serve Pro: https://thumbgate-production.up.railway.app/checkout/pro Commercial truth: https://github.com/IgorGanapolsky/ThumbGate/blob/main/docs/COMMERCIAL_TRUTH.md Verification evidence: https://github.com/IgorGanapolsky/ThumbGate/blob/main/docs/VERIFICATION_EVIDENCE.md","npm run sales:pipeline -- advance --lead 'github_adqui9608_ai_code_review_agent' --channel 'manual' --stage 'contacted' --note 'Sent Workflow Hardening Sprint first touch focused on one business-system workflow that needs approval boundaries, rollback safety, and proof.'","npm run sales:pipeline -- advance --lead 'github_adqui9608_ai_code_review_agent' --channel 'manual' --stage 'replied' --note 'Buyer confirmed pain around one business-system workflow that needs approval boundaries, rollback safety, and proof.'","npm run sales:pipeline -- advance --lead 'github_adqui9608_ai_code_review_agent' --channel 'manual' --stage 'call_booked' --note 'Booked a 15-minute workflow hardening diagnostic for one business-system workflow that needs approval boundaries, rollback safety, and proof.'","npm run sales:pipeline -- advance --lead 'github_adqui9608_ai_code_review_agent' --channel 'manual' --stage 'checkout_started' --note 'Buyer started the self-serve checkout after discussing one business-system workflow that needs approval boundaries, rollback safety, and proof.'","npm run sales:pipeline -- advance --lead 'github_adqui9608_ai_code_review_agent' --channel 'manual' --stage 'sprint_intake' --note 'Buyer moved into Workflow Hardening Sprint intake for one business-system workflow that needs approval boundaries, rollback safety, and proof.'","npm run sales:pipeline -- advance --lead 'github_adqui9608_ai_code_review_agent' --channel 'manual' --stage 'paid' --note 'Closed Workflow Hardening Sprint and booked revenue after resolving one business-system workflow that needs approval boundaries, rollback safety, and proof.'"
3,send_next_production_rollout,Send Next: Production Rollout,cold,github,github,targeted,github_dolutech_engine_context,dolutech,dolutech,@dolutech,engine_context,https://github.com/dolutech/engine_context,https://dolutech.com/,Website: https://dolutech.com/; GitHub profile: https://github.com/dolutech; Repository: https://github.com/dolutech/engine_context,,Send the first-touch draft and log the outreach in the sales pipeline.,15,workflow control surface; production or platform workflow; business-system integration; agent infrastructure; 8 GitHub stars,Workflow Hardening Sprint,"Lead with one business-system workflow that needs approval boundaries, rollback safety, and proof.",Use proof pack only after the buyer confirms pain.,https://thumbgate-production.up.railway.app/#workflow-sprint-intake,"Hey @dolutech, saw you're shipping `engine_context`. If one approval, handoff, or rollback step keeps creating trouble, I can harden that workflow for you with a prevention gate and proof run: https://thumbgate-production.up.railway.app/#workflow-sprint-intake","If `engine_context` really has one repeated workflow failure blocking rollout, I can send the Workflow Hardening Sprint brief plus the commercial truth and verification evidence: https://thumbgate-production.up.railway.app/#workflow-sprint-intake Commercial truth: https://github.com/IgorGanapolsky/ThumbGate/blob/main/docs/COMMERCIAL_TRUTH.md Verification evidence: https://github.com/IgorGanapolsky/ThumbGate/blob/main/docs/VERIFICATION_EVIDENCE.md","If you want to inspect the self-serve path while you evaluate `engine_context`, start with the proof-backed setup guide: https://thumbgate-production.up.railway.app/guide If you decide the tool path is enough, the live Pro checkout is https://thumbgate-production.up.railway.app/checkout/pro. If the blocker needs hands-on workflow hardening, keep the sprint intake here: https://thumbgate-production.up.railway.app/#workflow-sprint-intake","If you are already comparing close options for `engine_context`, the primary path is Workflow Hardening Sprint: https://thumbgate-production.up.railway.app/#workflow-sprint-intake Self-serve Pro: https://thumbgate-production.up.railway.app/checkout/pro Commercial truth: https://github.com/IgorGanapolsky/ThumbGate/blob/main/docs/COMMERCIAL_TRUTH.md Verification evidence: https://github.com/IgorGanapolsky/ThumbGate/blob/main/docs/VERIFICATION_EVIDENCE.md","npm run sales:pipeline -- advance --lead 'github_dolutech_engine_context' --channel 'manual' --stage 'contacted' --note 'Sent Workflow Hardening Sprint first touch focused on one business-system workflow that needs approval boundaries, rollback safety, and proof.'","npm run sales:pipeline -- advance --lead 'github_dolutech_engine_context' --channel 'manual' --stage 'replied' --note 'Buyer confirmed pain around one business-system workflow that needs approval boundaries, rollback safety, and proof.'","npm run sales:pipeline -- advance --lead 'github_dolutech_engine_context' --channel 'manual' --stage 'call_booked' --note 'Booked a 15-minute workflow hardening diagnostic for one business-system workflow that needs approval boundaries, rollback safety, and proof.'","npm run sales:pipeline -- advance --lead 'github_dolutech_engine_context' --channel 'manual' --stage 'checkout_started' --note 'Buyer started the self-serve checkout after discussing one business-system workflow that needs approval boundaries, rollback safety, and proof.'","npm run sales:pipeline -- advance --lead 'github_dolutech_engine_context' --channel 'manual' --stage 'sprint_intake' --note 'Buyer moved into Workflow Hardening Sprint intake for one business-system workflow that needs approval boundaries, rollback safety, and proof.'","npm run sales:pipeline -- advance --lead 'github_dolutech_engine_context' --channel 'manual' --stage 'paid' --note 'Closed Workflow Hardening Sprint and booked revenue after resolving one business-system workflow that needs approval boundaries, rollback safety, and proof.'"
