lane,summary,temperature,source,channel,stage,username,accountName,repoName,repoUrl,company,evidenceScore,preferredRoute,preferredRouteLabel,preferredContactUrl,backupContactSurfaces,allContactSurfaces,motion,offer,cta,nextTrackingCommand,evidence,firstTouchDraft,painConfirmedFollowUpDraft
warm_discovery,Deep_Ad1959 — r/cursor,warm,reddit,reddit_dm,targeted,Deep_Ad1959,r/cursor,,,,10,reddit_dm,Reddit DM,https://www.reddit.com/user/Deep_Ad1959/,n/a,Reddit DM: https://www.reddit.com/user/Deep_Ad1959/,sprint,workflow_hardening_sprint,https://thumbgate-production.up.railway.app/#workflow-sprint-intake,npm run sales:pipeline -- advance --lead 'reddit_deep_ad1959_r_cursor' --channel 'reddit_dm' --stage 'contacted' --note 'Sent Workflow Hardening Sprint first touch focused on rollback risk.',warm inbound engagement; workflow pain named: rollback risk; already in DMs,"Your question about rollback rates when context changes is exactly the right one. I am looking for one AI-agent workflow to harden end-to-end this week: repeated failure, prevention rule, and proof run. If you have one workflow where context drift or rollback risk keeps showing up, I can harden that workflow for you. Worth a 15-minute diagnostic?","If your workflow really has one repeated workflow failure blocking rollout, I can send the Workflow Hardening Sprint brief plus the commercial truth and verification evidence: https://thumbgate-production.up.railway.app/#workflow-sprint-intake Commercial truth: https://github.com/IgorGanapolsky/ThumbGate/blob/main/docs/COMMERCIAL_TRUTH.md Verification evidence: https://github.com/IgorGanapolsky/ThumbGate/blob/main/docs/VERIFICATION_EVIDENCE.md"
warm_discovery,game-of-kton — r/cursor,warm,reddit,reddit_dm,targeted,game-of-kton,r/cursor,,,,9,reddit_dm,Reddit DM,https://www.reddit.com/user/game-of-kton/,n/a,Reddit DM: https://www.reddit.com/user/game-of-kton/,sprint,workflow_hardening_sprint,https://thumbgate-production.up.railway.app/#workflow-sprint-intake,npm run sales:pipeline -- advance --lead 'reddit_game_of_kton_r_cursor' --channel 'reddit_dm' --stage 'contacted' --note 'Sent Workflow Hardening Sprint first touch focused on stale context and conflicting facts.',warm inbound engagement; built serious memory systems; workflow pain named: stale context and conflicting facts,"Your ACT-R engram work is fascinating, especially the conflict resolution for opposing facts and the decay model. I am looking for one serious AI-agent workflow to harden end-to-end this week. If your memory system has one recurring failure mode such as stale context, opposing facts, bad handoffs, or unsafe tool calls, I can turn that into a prevention rule and proof run. Open to a 15-minute diagnostic?","If your workflow really has one repeated workflow failure blocking rollout, I can send the Workflow Hardening Sprint brief plus the commercial truth and verification evidence: https://thumbgate-production.up.railway.app/#workflow-sprint-intake Commercial truth: https://github.com/IgorGanapolsky/ThumbGate/blob/main/docs/COMMERCIAL_TRUTH.md Verification evidence: https://github.com/IgorGanapolsky/ThumbGate/blob/main/docs/VERIFICATION_EVIDENCE.md"
warm_discovery,leogodin217 — r/ClaudeCode,warm,reddit,reddit_dm,targeted,leogodin217,r/ClaudeCode,,,,9,reddit_dm,Reddit DM,https://www.reddit.com/user/leogodin217/,n/a,Reddit DM: https://www.reddit.com/user/leogodin217/,sprint,workflow_hardening_sprint,https://thumbgate-production.up.railway.app/#workflow-sprint-intake,npm run sales:pipeline -- advance --lead 'reddit_leogodin217_r_claudecode' --channel 'reddit_dm' --stage 'contacted' --note 'Sent Workflow Hardening Sprint first touch focused on review boundaries and context risk.',warm inbound engagement; mature multi-step workflow described; workflow pain named: review boundaries and context risk,"Your arch-create to sprint workflow is one of the most mature agent processes I have seen anyone describe. I am looking for one AI-agent workflow to harden end-to-end this week. Your workflow already has phases, review boundaries, and context risk, so it is a strong fit: pick one repeating failure and I will help turn it into an enforceable Pre-Action Check plus proof run. Worth 15 minutes?","If your workflow really has one repeated workflow failure blocking rollout, I can send the Workflow Hardening Sprint brief plus the commercial truth and verification evidence: https://thumbgate-production.up.railway.app/#workflow-sprint-intake Commercial truth: https://github.com/IgorGanapolsky/ThumbGate/blob/main/docs/COMMERCIAL_TRUTH.md Verification evidence: https://github.com/IgorGanapolsky/ThumbGate/blob/main/docs/VERIFICATION_EVIDENCE.md"
warm_discovery,Enthu-Cutlet-1337 — r/ClaudeCode,warm,reddit,reddit_dm,targeted,Enthu-Cutlet-1337,r/ClaudeCode,,,,8,reddit_dm,Reddit DM,https://www.reddit.com/user/Enthu-Cutlet-1337/,n/a,Reddit DM: https://www.reddit.com/user/Enthu-Cutlet-1337/,sprint,workflow_hardening_sprint,https://thumbgate-production.up.railway.app/#workflow-sprint-intake,npm run sales:pipeline -- advance --lead 'reddit_enthu_cutlet_1337_r_claudecode' --channel 'reddit_dm' --stage 'contacted' --note 'Sent Workflow Hardening Sprint first touch focused on brittle guardrails.',warm inbound engagement; responded to adaptive-gate positioning; workflow pain named: brittle guardrails,"Appreciate the kind words on the Thompson Sampling approach. You nailed the core insight: most guardrails are brittle prompt hacks that break when context shifts. I am looking for one AI-agent workflow to harden end-to-end this week: repeated failure, prevention rule, and proof run. If you have a workflow where brittle guardrails keep failing, I can harden that workflow with you. Open to a 15-minute diagnostic?","If your workflow really has one repeated workflow failure blocking rollout, I can send the Workflow Hardening Sprint brief plus the commercial truth and verification evidence: https://thumbgate-production.up.railway.app/#workflow-sprint-intake Commercial truth: https://github.com/IgorGanapolsky/ThumbGate/blob/main/docs/COMMERCIAL_TRUTH.md Verification evidence: https://github.com/IgorGanapolsky/ThumbGate/blob/main/docs/VERIFICATION_EVIDENCE.md"
self_serve_close,zaxbysauce — opencode-swarm,cold,github,github,targeted,zaxbysauce,zaxbysauce,opencode-swarm,https://github.com/zaxbysauce/opencode-swarm,,12,github_profile,GitHub profile,https://github.com/zaxbysauce,Repository: https://github.com/zaxbysauce/opencode-swarm,GitHub profile: https://github.com/zaxbysauce; Repository: https://github.com/zaxbysauce/opencode-swarm,pro,pro_self_serve,https://thumbgate-production.up.railway.app/guide,npm run sales:pipeline -- advance --lead 'github_zaxbysauce_opencode_swarm' --channel 'manual' --stage 'contacted' --note 'Sent Pro at $19/mo or $149/yr self-serve first touch focused on the proof-backed setup guide and local-first enforcement before any team-motion pitch.',workflow control surface; self-serve agent tooling; 241 GitHub stars; updated in the last 7 days,"Hey @zaxbysauce, saw you're building around `opencode-swarm`. If you want the clean self-serve tool path first, start with the proof-backed setup guide: https://thumbgate-production.up.railway.app/guide. If one repeated agent mistake is still slowing the workflow down after that, Pro is the clean next step.","If you want the self-serve path for `opencode-swarm`, here is the live Pro checkout: https://thumbgate-production.up.railway.app/checkout/pro Commercial truth: https://github.com/IgorGanapolsky/ThumbGate/blob/main/docs/COMMERCIAL_TRUTH.md Verification evidence: https://github.com/IgorGanapolsky/ThumbGate/blob/main/docs/VERIFICATION_EVIDENCE.md"
self_serve_close,yvgude — lean-ctx,cold,github,github,targeted,yvgude,yvgude,lean-ctx,https://github.com/yvgude/lean-ctx,thinkery,10,website,Website,https://yvesgugger.ch/,GitHub profile: https://github.com/yvgude; Repository: https://github.com/yvgude/lean-ctx,Website: https://yvesgugger.ch/; GitHub profile: https://github.com/yvgude; Repository: https://github.com/yvgude/lean-ctx,pro,pro_self_serve,https://thumbgate-production.up.railway.app/guide,npm run sales:pipeline -- advance --lead 'github_yvgude_lean_ctx' --channel 'manual' --stage 'contacted' --note 'Sent Pro at $19/mo or $149/yr self-serve first touch focused on the proof-backed setup guide and local-first enforcement before any team-motion pitch.',agent infrastructure; self-serve agent tooling; 907 GitHub stars; updated in the last 7 days,"Hey @yvgude, saw you're building around `lean-ctx`. If you want the clean self-serve tool path first, start with the proof-backed setup guide: https://thumbgate-production.up.railway.app/guide. If one repeated agent mistake is still slowing the workflow down after that, Pro is the clean next step.","If you want the self-serve path for `lean-ctx`, here is the live Pro checkout: https://thumbgate-production.up.railway.app/checkout/pro Commercial truth: https://github.com/IgorGanapolsky/ThumbGate/blob/main/docs/COMMERCIAL_TRUTH.md Verification evidence: https://github.com/IgorGanapolsky/ThumbGate/blob/main/docs/VERIFICATION_EVIDENCE.md"
cold_github,Adqui9608 — ai-code-review-agent,cold,github,github,targeted,Adqui9608,Adqui9608,ai-code-review-agent,https://github.com/Adqui9608/ai-code-review-agent,,15,github_profile,GitHub profile,https://github.com/Adqui9608,Repository: https://github.com/Adqui9608/ai-code-review-agent,GitHub profile: https://github.com/Adqui9608; Repository: https://github.com/Adqui9608/ai-code-review-agent,sprint,workflow_hardening_sprint,https://thumbgate-production.up.railway.app/#workflow-sprint-intake,"npm run sales:pipeline -- advance --lead 'github_adqui9608_ai_code_review_agent' --channel 'manual' --stage 'contacted' --note 'Sent Workflow Hardening Sprint first touch focused on one business-system workflow that needs approval boundaries, rollback safety, and proof.'",workflow control surface; production or platform workflow; business-system integration; agent infrastructure; updated in the last 7 days,"Hey @Adqui9608, saw you're shipping `ai-code-review-agent`. If one approval, handoff, or rollback step keeps creating trouble, I can harden that workflow for you with a prevention gate and proof run: https://thumbgate-production.up.railway.app/#workflow-sprint-intake","If `ai-code-review-agent` really has one repeated workflow failure blocking rollout, I can send the Workflow Hardening Sprint brief plus the commercial truth and verification evidence: https://thumbgate-production.up.railway.app/#workflow-sprint-intake Commercial truth: https://github.com/IgorGanapolsky/ThumbGate/blob/main/docs/COMMERCIAL_TRUTH.md Verification evidence: https://github.com/IgorGanapolsky/ThumbGate/blob/main/docs/VERIFICATION_EVIDENCE.md"
cold_github,arcasilesgroup — ai-engineering,cold,github,github,targeted,arcasilesgroup,arcasilesgroup,ai-engineering,https://github.com/arcasilesgroup/ai-engineering,,14,website,Website,https://arcasiles.com/,GitHub profile: https://github.com/arcasilesgroup; Repository: https://github.com/arcasilesgroup/ai-engineering,Website: https://arcasiles.com/; GitHub profile: https://github.com/arcasilesgroup; Repository: https://github.com/arcasilesgroup/ai-engineering,sprint,workflow_hardening_sprint,https://thumbgate-production.up.railway.app/#workflow-sprint-intake,"npm run sales:pipeline -- advance --lead 'github_arcasilesgroup_ai_engineering' --channel 'manual' --stage 'contacted' --note 'Sent Workflow Hardening Sprint first touch focused on one business-system workflow that needs approval boundaries, rollback safety, and proof.'",production or platform workflow; business-system integration; self-serve agent tooling; 25 GitHub stars; updated in the last 7 days,"Hey @arcasilesgroup, saw you're shipping `ai-engineering`. If one approval, handoff, or rollback step keeps creating trouble, I can harden that workflow for you with a prevention gate and proof run: https://thumbgate-production.up.railway.app/#workflow-sprint-intake","If `ai-engineering` really has one repeated workflow failure blocking rollout, I can send the Workflow Hardening Sprint brief plus the commercial truth and verification evidence: https://thumbgate-production.up.railway.app/#workflow-sprint-intake Commercial truth: https://github.com/IgorGanapolsky/ThumbGate/blob/main/docs/COMMERCIAL_TRUTH.md Verification evidence: https://github.com/IgorGanapolsky/ThumbGate/blob/main/docs/VERIFICATION_EVIDENCE.md"
cold_github,DGouron — review-flow,cold,github,github,targeted,DGouron,DGouron,review-flow,https://github.com/DGouron/review-flow,Mentor Goal,14,website,Website,https://dgouron.fr/,GitHub profile: https://github.com/DGouron; Repository: https://github.com/DGouron/review-flow,Website: https://dgouron.fr/; GitHub profile: https://github.com/DGouron; Repository: https://github.com/DGouron/review-flow,sprint,workflow_hardening_sprint,https://thumbgate-production.up.railway.app/#workflow-sprint-intake,"npm run sales:pipeline -- advance --lead 'github_dgouron_review_flow' --channel 'manual' --stage 'contacted' --note 'Sent Workflow Hardening Sprint first touch focused on one business-system workflow that needs approval boundaries, rollback safety, and proof.'",workflow control surface; business-system integration; agent infrastructure; 36 GitHub stars; updated in the last 7 days,"Hey @DGouron, saw you're shipping `review-flow`. If one approval, handoff, or rollback step keeps creating trouble, I can harden that workflow for you with a prevention gate and proof run: https://thumbgate-production.up.railway.app/#workflow-sprint-intake","If `review-flow` really has one repeated workflow failure blocking rollout, I can send the Workflow Hardening Sprint brief plus the commercial truth and verification evidence: https://thumbgate-production.up.railway.app/#workflow-sprint-intake Commercial truth: https://github.com/IgorGanapolsky/ThumbGate/blob/main/docs/COMMERCIAL_TRUTH.md Verification evidence: https://github.com/IgorGanapolsky/ThumbGate/blob/main/docs/VERIFICATION_EVIDENCE.md"
cold_github,nihannihu — Omni-SRE,cold,github,github,targeted,nihannihu,nihannihu,Omni-SRE,https://github.com/nihannihu/Omni-SRE,@Omni-IDE,14,github_profile,GitHub profile,https://github.com/nihannihu,Repository: https://github.com/nihannihu/Omni-SRE,GitHub profile: https://github.com/nihannihu; Repository: https://github.com/nihannihu/Omni-SRE,sprint,workflow_hardening_sprint,https://thumbgate-production.up.railway.app/#workflow-sprint-intake,"npm run sales:pipeline -- advance --lead 'github_nihannihu_omni_sre' --channel 'manual' --stage 'contacted' --note 'Sent Workflow Hardening Sprint first touch focused on one business-system workflow that needs approval boundaries, rollback safety, and proof.'",workflow control surface; production or platform workflow; business-system integration; agent infrastructure; updated in the last 30 days,"Hey @nihannihu, saw you're shipping `Omni-SRE`. If one approval, handoff, or rollback step keeps creating trouble, I can harden that workflow for you with a prevention gate and proof run: https://thumbgate-production.up.railway.app/#workflow-sprint-intake","If `Omni-SRE` really has one repeated workflow failure blocking rollout, I can send the Workflow Hardening Sprint brief plus the commercial truth and verification evidence: https://thumbgate-production.up.railway.app/#workflow-sprint-intake Commercial truth: https://github.com/IgorGanapolsky/ThumbGate/blob/main/docs/COMMERCIAL_TRUTH.md Verification evidence: https://github.com/IgorGanapolsky/ThumbGate/blob/main/docs/VERIFICATION_EVIDENCE.md"
